StationID,ActivityStartDate,ActivityStartTime/Time,chla_units,chla,depth_m,source
CW-057,5/4/2000,1:50:00 PM,ug/L,24.2,0.3,DHEC
CW-057,8/17/2000,1:50:00 PM,ug/L,28,0.3,DHEC
CW-207,9/21/2000,10:30:00 AM,ug/L,36.2,0.3,DHEC
CW-208,9/21/2000,10:50:00 AM,ug/L,35.4,0.3,DHEC
CW-209,8/3/2000,10:45:00 AM,ug/L,22.8,0.3,DHEC
CW-209,7/13/2000,10:40:00 AM,ug/L,21.6,0.3,DHEC
CW-209,10/19/2000,10:00:00 AM,ug/L,12.6,0.3,DHEC
CW-207,5/9/2000,10:40:00 AM,ug/L,23.9,0.3,DHEC
CW-016F,8/17/2000,1:30:00 PM,ug/L,29.3,0.3,DHEC
CW-016F,7/20/2000,1:55:00 PM,ug/L,44.3,0.3,DHEC
CW-016F,5/4/2000,2:20:00 PM,ug/L,3.81,0.3,DHEC
CW-208,8/3/2000,11:30:00 AM,ug/L,35.4,0.3,DHEC
CW-207,10/19/2000,10:45:00 AM,ug/L,34.8,0.3,DHEC
CW-208,6/1/2000,11:15:00 AM,ug/L,48.6,0.3,DHEC
CW-209,5/9/2000,10:05:00 AM,ug/L,25.5,0.3,DHEC
CW-208,5/9/2000,11:00:00 AM,ug/L,21.5,0.3,DHEC
CW-057,7/20/2000,2:15:00 PM,ug/L,34.6,0.3,DHEC
CW-207,7/13/2000,11:10:00 AM,ug/L,32.2,0.3,DHEC
CW-209,9/21/2000,9:55:00 AM,ug/L,25.9,0.3,DHEC
CW-057,6/1/2000,2:05:00 PM,ug/L,42.6,0.3,DHEC
CW-016F,6/1/2000,2:30:00 PM,ug/L,6.86,0.3,DHEC
CW-208,10/19/2000,11:10:00 AM,ug/L,47.3,0.3,DHEC
CW-207,8/3/2000,11:10:00 AM,ug/L,32.9,0.3,DHEC
CW-231,8/9/2001,10:40:00 AM,ug/L,7.02,0.3,DHEC
CW-057,8/23/2001,2:10:00 PM,ug/L,47.8,0.3,DHEC
RL-01033,9/6/2001,11:55:00 AM,ug/L,23,0.3,DHEC
RL-01033,7/26/2001,12:45:00 PM,ug/L,19,0.3,DHEC
CW-231,5/17/2001,11:10:00 AM,ug/L,0.48,0.3,DHEC
RL-01007,5/17/2001,10:15:00 AM,ug/L,55.8,0.3,DHEC
RL-01012,10/18/2001,1:45:00 PM,ug/L,9.31,0.3,DHEC
RL-01003,10/25/2001,1:00:00 PM,ug/L,26.6,0.3,DHEC
RL-01003,6/28/2001,12:30:00 PM,ug/L,12.6,0.3,DHEC
RL-01003,5/17/2001,12:40:00 PM,ug/L,6.44,0.3,DHEC
RL-01033,8/9/2001,1:00:00 PM,ug/L,15.2,0.3,DHEC
CW-231,10/25/2001,11:35:00 AM,ug/L,6.4,0.3,DHEC
CW-231,9/6/2001,10:50:00 AM,ug/L,1.76,0.3,DHEC
RL-01003,9/6/2001,11:40:00 AM,ug/L,23.4,0.3,DHEC
CW-231,7/26/2001,11:00:00 AM,ug/L,4.58,0.3,DHEC
RL-01017,5/17/2001,10:40:00 AM,ug/L,12.4,0.3,DHEC
RL-01017,10/25/2001,11:00:00 AM,ug/L,9.52,0.3,DHEC
CW-057,6/28/2001,9:20:00 AM,ug/L,14.4,0.3,DHEC
RL-01017,7/26/2001,10:30:00 AM,ug/L,18,0.3,DHEC
RL-01012,7/19/2001,2:05:00 PM,ug/L,59.6,0.3,DHEC
CW-222,5/30/2001,10:00:00 AM,ug/L,4.93,0.3,DHEC
RL-01007,9/6/2001,10:20:00 AM,ug/L,6.79,0.3,DHEC
RL-01017,9/6/2001,10:35:00 AM,ug/L,7.44,0.3,DHEC
RL-01017,6/28/2001,11:10:00 AM,ug/L,41,0.3,DHEC
CW-057,9/19/2001,2:00:00 PM,ug/L,26,0.3,DHEC
RL-01012,8/23/2001,2:00:00 PM,ug/L,31.6,0.3,DHEC
RL-01012,6/28/2001,9:05:00 AM,ug/L,41.6,0.3,DHEC
RL-01012,9/19/2001,1:45:00 PM,ug/L,73.8,0.3,DHEC
RL-01003,8/9/2001,12:40:00 PM,ug/L,18.9,0.3,DHEC
CL-089,8/15/2001,11:00:00 AM,ug/L,23.6,0.3,DHEC
CW-057,10/18/2001,1:30:00 PM,ug/L,15.3,0.3,DHEC
RL-01007,7/26/2001,10:15:00 AM,ug/L,10.3,0.3,DHEC
CL-089,7/23/2001,11:55:00 AM,ug/L,15.4,0.3,DHEC
CW-222,7/26/2001,10:35:00 AM,ug/L,11.8,0.3,DHEC
CW-222,6/27/2001,10:35:00 AM,ug/L,3.18,0.3,DHEC
CL-089,6/21/2001,10:15:00 AM,ug/L,14.9,0.3,DHEC
CW-231,6/28/2001,11:35:00 AM,ug/L,7.5,0.3,DHEC
RL-01012,5/3/2001,1:55:00 PM,ug/L,32.2,0.3,DHEC
CW-057,5/3/2001,2:10:00 PM,ug/L,29.6,0.3,DHEC
RL-01033,5/17/2001,12:55:00 PM,ug/L,8.96,0.3,DHEC
RL-01033,10/25/2001,1:20:00 PM,ug/L,8.39,0.3,DHEC
CW-057,7/19/2001,2:20:00 PM,ug/L,42.2,0.3,DHEC
RL-01007,10/25/2001,10:55:00 AM,ug/L,38,0.3,DHEC
RL-01007,8/9/2001,10:00:00 AM,ug/L,23.5,0.3,DHEC
RL-01033,6/28/2001,12:45:00 PM,ug/L,13.8,0.3,DHEC
CL-089,10/18/2001,9:30:00 AM,ug/L,15.7,0.3,DHEC
RL-01007,6/28/2001,10:45:00 AM,ug/L,53,0.3,DHEC
RL-01017,8/9/2001,10:20:00 AM,ug/L,29.2,0.3,DHEC
CL-089,9/11/2001,9:45:00 AM,ug/L,18.3,0.3,DHEC
RL-01003,7/26/2001,12:30:00 PM,ug/L,25,0.3,DHEC
CW-033,10/31/2002,12:20:00 PM,ug/L,2.81,0.3,DHEC
RL-02314,10/23/2002,10:30:00 AM,ug/L,21.3,0.3,DHEC
CW-016F,7/31/2002,11:30:00 AM,ug/L,41.6,0.3,DHEC
CW-231,10/31/2002,12:10:00 PM,ug/L,1.09,0.3,DHEC
CW-208,8/22/2002,10:25:00 AM,ug/L,39.7,0.3,DHEC
CW-209,8/22/2002,11:15:00 AM,ug/L,21.3,0.3,DHEC
CL-021,5/2/2002,10:55:00 AM,ug/L,38.7,0.3,DHEC
RL-02319,5/30/2002,1:30:00 PM,ug/L,38.3,0.3,DHEC
CW-207,5/2/2002,1:05:00 PM,ug/L,29.6,0.3,DHEC
RL-02452,10/31/2002,12:40:00 PM,ug/L,2.22,0.3,DHEC
CL-021,8/8/2002,10:30:00 AM,ug/L,15.8,0.3,DHEC
CW-209,10/23/2002,11:00:00 AM,ug/L,13,0.3,DHEC
CW-016F,6/13/2002,11:05:00 AM,ug/L,33.3,0.3,DHEC
CW-207,6/20/2002,11:05:00 AM,ug/L,34.5,0.3,DHEC
CW-207,8/22/2002,11:00:00 AM,ug/L,26.1,0.3,DHEC
CL-089,9/4/2002,11:30:00 AM,ug/L,6.84,0.3,DHEC
CL-089,10/23/2002,11:20:00 AM,ug/L,11,0.3,DHEC
CW-209,5/2/2002,12:40:00 PM,ug/L,18.3,0.3,DHEC
CL-078,9/4/2002,2:40:00 PM,ug/L,1.79,0.3,DHEC
CW-057,6/13/2002,11:25:00 AM,ug/L,75.7,0.3,DHEC
CW-207,7/2/2002,11:10:00 AM,ug/L,22.6,0.3,DHEC
CL-021,7/11/2002,11:20:00 AM,ug/L,9.71,0.3,DHEC
CL-021,6/6/2002,10:30:00 AM,ug/L,151,0.3,DHEC
CL-078,5/16/2002,2:30:00 PM,ug/L,3.13,0.3,DHEC
CL-078,6/27/2002,11:15:00 AM,ug/L,2.48,0.3,DHEC
CW-231,5/30/2002,1:10:00 PM,ug/L,5,0.3,DHEC
CW-057,9/30/2002,10:30:00 AM,ug/L,21.4,0.3,DHEC
CW-207,9/4/2002,10:50:00 AM,ug/L,36.2,0.3,DHEC
RL-02452,6/13/2002,1:45:00 PM,ug/L,37,0.3,DHEC
CL-089,6/20/2002,10:15:00 AM,ug/L,26,0.3,DHEC
CW-033,5/30/2002,1:15:00 PM,ug/L,13.7,0.3,DHEC
CL-078,10/10/2002,2:40:00 PM,ug/L,2.3,0.3,DHEC
RL-02452,5/30/2002,1:25:00 PM,ug/L,31.8,0.3,DHEC
CW-033,6/13/2002,1:10:00 PM,ug/L,9.44,0.3,DHEC
CW-209,9/4/2002,11:05:00 AM,ug/L,20.3,0.3,DHEC
CW-016F,5/30/2002,10:45:00 AM,ug/L,6.3,0.3,DHEC
CW-016F,10/31/2002,10:50:00 AM,ug/L,2.17,0.3,DHEC
CL-021,9/12/2002,10:15:00 AM,ug/L,25.6,0.3,DHEC
CL-089,8/22/2002,11:30:00 AM,ug/L,13.9,0.3,DHEC
CL-078,7/18/2002,2:30:00 PM,ug/L,2.56,0.3,DHEC
CL-078,8/15/2002,2:30:00 PM,ug/L,3.7,0.3,DHEC
RL-02314,6/20/2002,11:15:00 AM,ug/L,38.2,0.3,DHEC
RL-02319,7/31/2002,1:40:00 PM,ug/L,24.5,0.3,DHEC
CL-021,10/3/2002,11:10:00 AM,ug/L,154,0.3,DHEC
RL-02319,6/13/2002,2:00:00 PM,ug/L,13.2,0.3,DHEC
CW-057,10/31/2002,11:05:00 AM,ug/L,6.49,0.3,DHEC
CW-057,8/22/2002,11:50:00 AM,ug/L,28.6,0.3,DHEC
CW-057,7/31/2002,11:50:00 AM,ug/L,43.8,0.3,DHEC
CW-208,5/6/2002,9:00:00 AM,ug/L,30.1,0.3,DHEC
CW-208,9/4/2002,10:10:00 AM,ug/L,35,0.3,DHEC
RL-02452,7/31/2002,1:50:00 PM,ug/L,24.3,0.3,DHEC
CW-209,6/20/2002,10:35:00 AM,ug/L,30.5,0.3,DHEC
CL-089,7/2/2002,10:25:00 AM,ug/L,13.5,0.3,DHEC
CW-209,7/2/2002,10:50:00 AM,ug/L,19,0.3,DHEC
CW-057,5/30/2002,11:10:00 AM,ug/L,43,0.3,DHEC
RL-02314,9/4/2002,10:35:00 AM,ug/L,20.8,0.3,DHEC
CW-208,7/2/2002,11:50:00 AM,ug/L,28.8,0.3,DHEC
CW-033,7/31/2002,1:00:00 PM,ug/L,9.25,0.3,DHEC
CW-231,7/31/2002,12:50:00 PM,ug/L,15.8,0.3,DHEC
RL-02314,8/22/2002,10:45:00 AM,ug/L,21.6,0.3,DHEC
RL-02319,10/31/2002,12:55:00 PM,ug/L,3.61,0.3,DHEC
CW-208,10/23/2002,10:10:00 AM,ug/L,42.8,0.3,DHEC
RL-02314,7/2/2002,11:25:00 AM,ug/L,19.1,0.3,DHEC
CW-208,6/20/2002,11:40:00 AM,ug/L,48.5,0.3,DHEC
CW-016F,8/22/2002,11:30:00 AM,ug/L,23.6,0.3,DHEC
CW-207,10/23/2002,10:45:00 AM,ug/L,28.7,0.3,DHEC
CW-231,6/13/2002,12:55:00 PM,ug/L,14.9,0.3,DHEC
CL-089,5/2/2002,12:15:00 PM,ug/L,9.89,0.3,DHEC
CL-089,9/2/2003,10:20:00 AM,ug/L,15.89,0.3,DHEC
RL-03353,10/29/2003,2:25:00 PM,ug/L,6.05,0.3,DHEC
RL-03353,9/29/2003,11:15:00 AM,ug/L,6.81,0.3,DHEC
RL-03332,9/29/2003,3:00:00 PM,ug/L,7.49,0.3,DHEC
RL-03336,9/2/2003,10:55:00 AM,ug/L,23.44,0.3,DHEC
CW-057,10/30/2003,3:15:00 PM,ug/L,4.49,0.3,DHEC
CW-231,9/29/2003,10:45:00 AM,ug/L,9.2,0.3,DHEC
CW-231,10/29/2003,2:50:00 PM,ug/L,2.28,0.3,DHEC
RL-03351,10/29/2003,12:50:00 PM,ug/L,2.49,0.3,DHEC
CL-089,10/9/2003,10:10:00 AM,ug/L,5.99,0.3,DHEC
RL-03458,9/29/2003,2:45:00 PM,ug/L,8.09,0.3,DHEC
RL-03351,9/29/2003,1:25:00 PM,ug/L,3.87,0.3,DHEC
RL-03332,10/29/2003,1:45:00 PM,ug/L,2.56,0.3,DHEC
RL-03336,10/9/2003,10:45:00 AM,ug/L,24.59,0.3,DHEC
RL-03458,10/29/2003,1:40:00 PM,ug/L,2.56,0.3,DHEC
RL-04375,10/18/2004,2:46:00 PM,ug/L,5.18,0.3,DHEC
CW-231,5/18/2004,2:24:00 PM,ug/L,3.69,0.3,DHEC
CL-089,6/10/2004,11:15:00 AM,ug/L,12.61,0.3,DHEC
CW-231,10/18/2004,1:55:00 PM,ug/L,1.83,0.3,DHEC
CL-089,10/20/2004,10:00:00 AM,ug/L,2.35,0.3,DHEC
CW-231,7/29/2004,9:38:00 AM,ug/L,3.75,0.3,DHEC
RL-04379,6/17/2004,2:19:00 PM,ug/L,21.6,0.3,DHEC
CW-231,9/15/2004,1:55:00 PM,ug/L,2.32,0.3,DHEC
RL-04375,6/17/2004,2:33:00 PM,ug/L,36.13,0.3,DHEC
RL-04379,8/26/2004,2:46:00 PM,ug/L,2.47,0.3,DHEC
CW-057,9/20/2004,10:00:00 AM,ug/L,2.53,0.3,DHEC
CW-057,7/19/2004,2:28:00 PM,ug/L,24.96,0.3,DHEC
RL-04379,5/18/2004,3:14:00 PM,ug/L,13.28,0.3,DHEC
CW-057,6/10/2004,2:29:00 PM,ug/L,33.39,0.3,DHEC
CW-231,8/26/2004,2:04:00 PM,ug/L,9.42,0.3,DHEC
RL-04379,9/15/2004,2:39:00 PM,ug/L,2.34,0.3,DHEC
RL-04375,5/18/2004,3:38:00 PM,ug/L,29.12,0.3,DHEC
RL-04379,7/29/2004,10:20:00 AM,ug/L,10.69,0.3,DHEC
RL-04379,10/18/2004,2:27:00 PM,ug/L,9.68,0.3,DHEC
RL-04375,8/26/2004,3:11:00 PM,ug/L,26.64,0.3,DHEC
CW-057,5/27/2004,2:53:00 PM,ug/L,31.87,0.3,DHEC
RL-04375,9/15/2004,2:50:00 PM,ug/L,4.9,0.3,DHEC
CW-231,6/17/2004,1:44:00 PM,ug/L,3.08,0.3,DHEC
CL-089,9/16/2004,11:20:00 AM,ug/L,9.71,0.3,DHEC
CL-089,7/29/2004,9:50:00 AM,ug/L,11.52,0.3,DHEC
CW-057,10/21/2004,2:26:00 PM,ug/L,16.96,0.3,DHEC
RL-04375,7/29/2004,10:54:00 AM,ug/L,28.69,0.3,DHEC
CL-089,8/5/2004,11:20:00 AM,ug/L,23.33,0.3,DHEC
CW-016,7/19/2004,3:09:00 PM,ug/L,1.85,0.3,DHEC
CL-089,5/20/2004,10:55:00 AM,ug/L,22.59,0.3,DHEC
CW-057,9/12/2005,2:00:00 PM,ug/L,13.33,0.3,DHEC
RL-05391,9/7/2005,12:10:00 PM,ug/L,6.05,0.3,DHEC
RL-05414,7/27/2005,11:10:00 AM,ug/L,6.25,0.3,DHEC
RL-05391,5/19/2005,2:48:00 PM,ug/L,30.93,0.3,DHEC
CW-231,6/21/2005,1:10:00 PM,ug/L,7.22,0.3,DHEC
CW-057,5/12/2005,2:48:00 PM,ug/L,27.17,0.3,DHEC
CW-057,7/13/2005,2:30:00 PM,ug/L,10.37,0.3,DHEC
RL-05391,6/21/2005,2:09:00 PM,ug/L,14.3,0.3,DHEC
CW-057,8/30/2005,2:10:00 PM,ug/L,16.35,0.3,DHEC
CW-231,8/11/2005,9:52:00 AM,ug/L,4.65,0.3,DHEC
RL-05416,5/19/2005,2:27:00 PM,ug/L,9.89,0.3,DHEC
RL-05416,8/11/2005,10:30:00 AM,ug/L,8.45,0.3,DHEC
RL-05391,8/11/2005,11:50:00 AM,ug/L,6.41,0.3,DHEC
RL-05416,6/21/2005,1:49:00 PM,ug/L,25.07,0.3,DHEC
RL-05414,8/11/2005,10:51:00 AM,ug/L,24.56,0.3,DHEC
CW-231,7/27/2005,8:23:00 AM,ug/L,4.64,0.3,DHEC
RL-05391,7/27/2005,9:31:00 AM,ug/L,10.61,0.3,DHEC
CL-089,8/30/2005,10:20:00 AM,ug/L,6.82,0.3,DHEC
CL-089,7/28/2005,10:50:00 AM,ug/L,10.37,0.3,DHEC
CW-231,9/7/2005,12:56:00 PM,ug/L,4.24,0.3,DHEC
CL-089,6/30/2005,10:40:00 AM,ug/L,30.85,0.3,DHEC
CL-089,5/26/2005,10:50:00 AM,ug/L,13.01,0.3,DHEC
RL-05416,7/27/2005,9:03:00 AM,ug/L,7.85,0.3,DHEC
RL-05416,9/7/2005,11:50:00 AM,ug/L,3.55,0.3,DHEC
RL-05414,5/19/2005,12:43:00 PM,ug/L,1.37,0.3,DHEC
CW-057,6/16/2005,2:40:00 PM,ug/L,44.91,0.3,DHEC
RL-05414,9/7/2005,10:42:00 AM,ug/L,3.79,0.3,DHEC
CW-231,5/19/2005,1:43:00 PM,ug/L,5.07,0.3,DHEC
RL-06443,8/23/2006,11:13:00 AM,ug/L,36.35,0.3,DHEC
RL-06429,7/17/2006,1:00:00 PM,ug/L,20.03,0.3,DHEC
RL-06443,9/27/2006,11:50:00 AM,ug/L,8.38,0.3,DHEC
RL-06429,8/23/2006,10:49:00 AM,ug/L,20.64,0.3,DHEC
RL-06431,9/27/2006,9:40:00 AM,ug/L,2.85,0.3,DHEC
RL-06443,7/17/2006,12:43:00 PM,ug/L,22.29,0.3,DHEC
CL-089,6/28/2006,11:05:00 AM,ug/L,32.9,0.3,DHEC
CW-057,8/3/2006,12:59:00 PM,ug/L,30.19,0.3,DHEC
CL-089,7/6/2006,10:30:00 AM,ug/L,18.4,0.3,DHEC
RL-06429,9/27/2006,11:37:00 AM,ug/L,11.41,0.3,DHEC
CL-089,9/21/2006,10:55:00 AM,ug/L,40.99,0.3,DHEC
RL-06431,10/12/2006,11:12:00 AM,ug/L,2.12,0.3,DHEC
RL-06431,5/3/2006,11:13:00 AM,ug/L,1.98,0.3,DHEC
CW-231,10/12/2006,9:20:00 AM,ug/L,4.88,0.3,DHEC
RL-06443,6/6/2006,11:03:00 AM,ug/L,23.4,0.3,DHEC
CW-231,6/6/2006,9:56:00 AM,ug/L,6.8,0.3,DHEC
CW-231,5/23/2006,12:49:00 PM,ug/L,9.07,0.3,DHEC
CL-089,10/30/2006,10:40:00 AM,ug/L,5.7,0.3,DHEC
RL-06431,8/23/2006,9:08:00 AM,ug/L,5.42,0.3,DHEC
RL-06431,6/6/2006,10:40:00 AM,ug/L,17.68,0.3,DHEC
CW-057,10/5/2006,12:55:00 PM,ug/L,33.92,0.3,DHEC
RL-06429,6/6/2006,12:17:00 PM,ug/L,3.59,0.3,DHEC
CW-231,9/27/2006,11:04:00 AM,ug/L,3.18,0.3,DHEC
RL-06443,8/3/2006,11:24:00 AM,ug/L,4,0.3,DHEC
RL-06443,5/23/2006,2:16:00 PM,ug/L,15.12,0.3,DHEC
CW-057,5/30/2006,12:56:00 PM,ug/L,22.91,0.3,DHEC
CW-057,6/19/2006,9:17:00 AM,ug/L,34.43,0.3,DHEC
RL-06429,5/23/2006,11:41:00 AM,ug/L,2.84,0.3,DHEC
CW-057,9/7/2006,2:46:00 PM,ug/L,16.99,0.3,DHEC
CW-057,7/17/2006,10:00:00 AM,ug/L,38.11,0.3,DHEC
RL-06443,10/12/2006,10:05:00 AM,ug/L,6.64,0.3,DHEC
CW-231,8/23/2006,10:06:00 AM,ug/L,8.16,0.3,DHEC
CL-089,5/25/2006,10:55:00 AM,ug/L,7.47,0.3,DHEC
CW-231,7/17/2006,12:10:00 PM,ug/L,5.71,0.3,DHEC
CL-089,8/24/2006,10:45:00 AM,ug/L,22.77,0.3,DHEC
RL-06429,10/12/2006,9:54:00 AM,ug/L,36.29,0.3,DHEC
CW-033,7/19/2007,12:02:00 PM,ug/L,25.33,0.3,DHEC
CL-089,5/17/2007,12:05:00 PM,ug/L,23.07,0.3,DHEC
CW-209,5/17/2007,11:30:00 AM,ug/L,20.43,0.3,DHEC
CW-208,9/4/2007,10:50:00 AM,ug/L,30.48,0.3,DHEC
CW-209,7/12/2007,11:10:00 AM,ug/L,19.15,0.3,DHEC
CW-207,7/12/2007,10:55:00 AM,ug/L,32.51,0.3,DHEC
RL-07003,5/31/2007,10:05:00 AM,ug/L,26.32,0.3,DHEC
CW-209,8/1/2007,11:35:00 AM,ug/L,14.56,0.3,DHEC
CW-231,6/26/2007,1:09:00 PM,ug/L,8.05,0.3,DHEC
CW-208,8/1/2007,11:05:00 AM,ug/L,31.36,0.3,DHEC
CL-089,7/12/2007,11:30:00 AM,ug/L,13.65,0.3,DHEC
CW-033,6/26/2007,11:11:00 AM,ug/L,10.05,0.3,DHEC
CL-021,5/17/2007,10:26:00 AM,ug/L,6.58,0.3,DHEC
CL-089,10/4/2007,11:40:00 AM,ug/L,8.64,0.3,DHEC
CW-208,5/17/2007,10:30:00 AM,ug/L,18.72,0.3,DHEC
CW-208,7/12/2007,10:40:00 AM,ug/L,38.13,0.3,DHEC
CW-209,9/4/2007,11:20:00 AM,ug/L,11.15,0.3,DHEC
CW-231,8/23/2007,10:40:00 AM,ug/L,12,0.3,DHEC
CW-016F,8/9/2007,10:48:00 AM,ug/L,19.87,0.3,DHEC
CW-175,7/19/2007,12:17:00 PM,ug/L,8.85,0.3,DHEC
RL-07003,6/26/2007,12:27:00 PM,ug/L,17.17,0.3,DHEC
CW-057,7/12/2007,9:38:00 AM,ug/L,25.44,0.3,DHEC
CW-033,8/23/2007,9:17:00 AM,ug/L,27.36,0.3,DHEC
CW-174,6/26/2007,12:00:00 PM,ug/L,5.79,0.3,DHEC
CW-174,7/19/2007,12:22:00 PM,ug/L,9.49,0.3,DHEC
CW-175,6/26/2007,11:38:00 AM,ug/L,5.23,0.3,DHEC
CL-089,8/1/2007,11:55:00 AM,ug/L,20.53,0.3,DHEC
CW-231,7/19/2007,11:02:00 AM,ug/L,9.71,0.3,DHEC
CW-174,8/23/2007,9:37:00 AM,ug/L,12.11,0.3,DHEC
CW-057,6/13/2007,9:25:00 AM,ug/L,23.65,0.3,DHEC
CL-021,6/13/2007,11:02:00 AM,ug/L,37.04,0.3,DHEC
CW-207,8/1/2007,11:20:00 AM,ug/L,16.85,0.3,DHEC
CL-089,6/14/2007,12:30:00 PM,ug/L,26.37,0.3,DHEC
CW-016F,7/12/2007,9:53:00 AM,ug/L,13.84,0.3,DHEC
CW-208,6/14/2007,10:55:00 AM,ug/L,50.8,0.3,DHEC
CW-175,8/23/2007,9:42:00 AM,ug/L,11.07,0.3,DHEC
CW-209,6/14/2007,12:00:00 PM,ug/L,19.52,0.3,DHEC
CW-208,10/4/2007,10:05:00 AM,ug/L,39.04,0.3,DHEC
CW-207,10/4/2007,11:00:00 AM,ug/L,29.39,0.3,DHEC
CW-057,8/9/2007,10:19:00 AM,ug/L,31.6,0.3,DHEC
CL-089,9/4/2007,11:45:00 AM,ug/L,13.6,0.3,DHEC
CL-021,8/9/2007,1:05:00 PM,ug/L,136.26,0.3,DHEC
CW-207,9/4/2007,11:05:00 AM,ug/L,22.85,0.3,DHEC
CL-021,7/12/2007,11:34:00 AM,ug/L,25.12,0.3,DHEC
CW-207,6/14/2007,11:30:00 AM,ug/L,23.97,0.3,DHEC
CW-033,5/31/2007,9:33:00 AM,ug/L,22.88,0.3,DHEC
CW-057,5/17/2007,9:12:00 AM,ug/L,15.39,0.3,DHEC
CW-174,5/31/2007,9:54:00 AM,ug/L,3.37,0.3,DHEC
RL-07003,8/23/2007,9:10:00 AM,ug/L,28.3,0.3,DHEC
CW-175,5/31/2007,9:47:00 AM,ug/L,4.06,0.3,DHEC
CW-016F,5/17/2007,11:49:00 AM,ug/L,6.31,0.3,DHEC
CW-016F,6/26/2007,10:00:00 AM,ug/L,7.93,0.3,DHEC
CW-209,10/4/2007,11:20:00 AM,ug/L,17.07,0.3,DHEC
RL-08035,10/23/2008,11:50:00 AM,ug/L,34.13,0.3,DHEC
CL-089,7/10/2008,10:20:00 AM,ug/L,11.92,0.3,DHEC
CW-057,9/29/2008,9:19:00 AM,ug/L,11.15,0.3,DHEC
CW-231,10/9/2008,1:17:00 PM,ug/L,6.39,0.3,DHEC
CW-057,10/9/2008,9:50:00 AM,ug/L,14.56,0.3,DHEC
RL-08062,10/9/2008,10:55:00 AM,ug/L,4.26,0.3,DHEC
CL-089,9/25/2008,11:25:00 AM,ug/L,7.53,0.3,DHEC
RL-08062,8/14/2008,11:20:00 AM,ug/L,5.72,0.3,DHEC
RL-08046,10/9/2008,12:17:00 PM,ug/L,3.98,0.3,DHEC
RL-08035,8/27/2008,11:20:00 AM,ug/L,38.16,0.3,DHEC
CL-089,8/27/2008,10:25:00 AM,ug/L,13.71,0.3,DHEC
CW-231,8/14/2008,1:15:00 PM,ug/L,3.68,0.3,DHEC
RL-08046,8/14/2008,12:23:00 PM,ug/L,10.24,0.3,DHEC
RL-08062,9/29/2008,10:15:00 AM,ug/L,5.1,0.3,DHEC
RL-08035,6/19/2008,12:55:00 PM,ug/L,36.27,0.3,DHEC
CL-089,6/19/2008,12:05:00 PM,ug/L,14.72,0.3,DHEC
RL-08035,5/27/2008,11:25:00 AM,ug/L,22.88,0.3,DHEC
CW-057,8/14/2008,10:16:00 AM,ug/L,9.81,0.3,DHEC
CW-231,9/29/2008,12:24:00 PM,ug/L,3.35,0.3,DHEC
RL-08035,7/10/2008,11:25:00 AM,ug/L,25.09,0.3,DHEC
CL-089,10/23/2008,11:05:00 AM,ug/L,8.03,0.3,DHEC
RL-08046,9/29/2008,11:23:00 AM,ug/L,3.3,0.3,DHEC
CW-231,5/12/2009,11:31:00 AM,ug/L,11.2,0.3,DHEC
RL-09099,8/27/2009,11:07:00 AM,ug/L,25.95,0.3,DHEC
CW-057,5/12/2009,12:14:00 PM,ug/L,4.27,0.3,DHEC
RL-09094,8/27/2009,12:04:00 PM,ug/L,70.93,0.3,DHEC
RL-09094,9/30/2009,11:30:00 AM,ug/L,8.72,0.3,DHEC
RL-09094,6/4/2009,11:44:00 AM,ug/L,25.55,0.3,DHEC
CL-089,6/4/2009,11:35:00 AM,ug/L,19.63,0.3,DHEC
RL-09094,7/23/2009,11:11:00 AM,ug/L,22.03,0.3,DHEC
RL-09099,5/12/2009,9:14:00 AM,ug/L,11.28,0.3,DHEC
CW-057,9/30/2009,10:06:00 AM,ug/L,18.83,0.3,DHEC
CL-089,8/12/2009,12:30:00 PM,ug/L,19.28,0.3,DHEC
CW-231,6/4/2009,11:04:00 AM,ug/L,4.5,0.3,DHEC
CW-057,8/27/2009,1:40:00 PM,ug/L,51.84,0.3,DHEC
CW-057,7/23/2009,12:25:00 PM,ug/L,12.61,0.3,DHEC
CL-089,9/10/2009,12:15:00 PM,ug/L,32.35,0.3,DHEC
CL-089,7/23/2009,10:30:00 AM,ug/L,7.4,0.3,DHEC
RL-09094,5/12/2009,10:29:00 AM,ug/L,4.02,0.3,DHEC
CW-231,9/30/2009,11:01:00 AM,ug/L,2.57,0.3,DHEC
RL-09099,7/23/2009,10:04:00 AM,ug/L,18.91,0.3,DHEC
CW-231,7/23/2009,11:50:00 AM,ug/L,4.26,0.3,DHEC
CW-231,8/27/2009,12:45:00 PM,ug/L,5.53,0.3,DHEC
RL-09099,6/4/2009,9:50:00 AM,ug/L,26.45,0.3,DHEC
CW-231,5/12/2010,10:09:00 AM,ug/L,1.84,0.3,DHEC
CL-089,10/28/2010,10:10:00 AM,ug/L,10.61,0.3,DHEC
RL-10102,10/11/2010,12:10:00 PM,ug/L,12.8,0.3,DHEC
RL-10008,7/15/2010,11:10:00 AM,ug/L,16.51,0.3,DHEC
RL-10008,8/26/2010,11:15:00 AM,ug/L,30.64,0.3,DHEC
CW-207,7/15/2010,10:50:00 AM,ug/L,21.84,0.3,DHEC
CW-207,9/16/2010,11:20:00 AM,ug/L,43.81,0.3,DHEC
CW-057,9/20/2010,9:54:00 AM,ug/L,43.12,0.3,DHEC
CW-057,5/26/2010,10:58:00 AM,ug/L,21.97,0.3,DHEC
CW-231,9/15/2010,9:24:00 AM,ug/L,6.08,0.3,DHEC
RL-10102,5/12/2010,11:21:00 AM,ug/L,2.83,0.3,DHEC
CW-016F,5/26/2010,10:37:00 AM,ug/L,2.28,0.3,DHEC
CW-033,5/12/2010,10:45:00 AM,ug/L,5.03,0.3,DHEC
RL-10008,6/17/2010,11:00:00 AM,ug/L,7.75,0.3,DHEC
RL-10102,8/16/2010,11:06:00 AM,ug/L,26.05,0.3,DHEC
CL-089,8/26/2010,10:50:00 AM,ug/L,16.45,0.3,DHEC
RL-10102,6/29/2010,10:21:00 AM,ug/L,25.23,0.3,DHEC
CL-089,6/17/2010,10:35:00 AM,ug/L,8.1,0.3,DHEC
RL-10008,10/28/2010,10:35:00 AM,ug/L,41.28,0.3,DHEC
RL-10008,9/16/2010,11:35:00 AM,ug/L,36.27,0.3,DHEC
CW-016F,9/20/2010,10:21:00 AM,ug/L,11.71,0.3,DHEC
CW-057,8/10/2011,9:47:00 AM,ug/L,34.16,0.3,DHEC
CW-057,10/13/2011,10:21:00 AM,ug/L,4.17,0.3,DHEC
CL-089,9/27/2011,10:20:00 AM,ug/L,11.07,0.3,DHEC
CW-231,8/25/2011,9:37:00 AM,ug/L,4.95,0.3,DHEC
CW-033,8/18/2011,12:00:00 PM,ug/L,19.92,0.3,DHEC
RL-11117,6/15/2011,10:09:00 AM,ug/L,5.95,0.3,DHEC
RL-11117,10/27/2011,11:00:00 AM,ug/L,2.43,0.3,DHEC
RL-11040,6/16/2011,9:50:00 AM,ug/L,19.95,0.3,DHEC
RL-11040,5/26/2011,11:25:00 AM,ug/L,44.27,0.3,DHEC
CL-089,5/26/2011,10:20:00 AM,ug/L,35.01,0.3,DHEC
CW-016F,9/8/2011,9:41:00 AM,ug/L,3.51,0.3,DHEC
RL-11040,10/27/2011,11:40:00 AM,ug/L,4.58,0.3,DHEC
CW-231,6/13/2011,12:29:00 PM,ug/L,7.92,0.3,DHEC
CW-231,10/27/2011,10:00:00 AM,ug/L,2.31,0.3,DHEC
RL-11117,9/8/2011,10:41:00 AM,ug/L,2.96,0.3,DHEC
RL-11040,7/28/2011,12:30:00 PM,ug/L,28.27,0.3,DHEC
CW-207,7/28/2011,12:05:00 PM,ug/L,32.27,0.3,DHEC
CW-207,9/27/2011,10:50:00 AM,ug/L,31.15,0.3,DHEC
CW-207,5/26/2011,10:50:00 AM,ug/L,30.99,0.3,DHEC
CW-057,6/13/2011,10:09:00 AM,ug/L,17.23,0.3,DHEC
RL-11040,9/27/2011,11:15:00 AM,ug/L,15.95,0.3,DHEC
CL-089,7/28/2011,11:30:00 AM,ug/L,12.19,0.3,DHEC
CW-033,6/16/2011,11:30:00 AM,ug/L,16.96,0.3,DHEC
CW-016F,6/13/2011,10:40:00 AM,ug/L,9.23,0.3,DHEC
RL-11117,8/10/2011,11:16:00 AM,ug/L,3.16,0.3,DHEC
CW-033,10/27/2011,12:40:00 PM,ug/L,5.79,0.3,DHEC
CW-016F,8/10/2011,10:08:00 AM,ug/L,5.27,0.3,DHEC
CW-016F,10/13/2011,10:39:00 AM,ug/L,2.18,0.3,DHEC
RL-11040,8/18/2011,10:45:00 AM,ug/L,18.88,0.3,DHEC
RL-12125,7/19/2012,1:45:00 PM,ug/L,33.81,0.3,DHEC
RL-12056,7/19/2012,12:30:00 PM,ug/L,41.49,0.3,DHEC
RL-12125,8/16/2012,11:20:00 AM,ug/L,22.85,0.3,DHEC
CW-057,7/23/2012,3:20:00 PM,ug/L,42.08,0.3,DHEC
CW-207,9/27/2012,11:05:00 AM,ug/L,40.83,0.3,DHEC
RL-12125,9/27/2012,1:15:00 PM,ug/L,15.04,0.3,DHEC
RL-12125,5/17/2012,12:40:00 PM,ug/L,34.91,0.3,DHEC
CW-231,10/23/2012,12:50:00 PM,ug/L,1.09,0.3,DHEC
CW-016F,7/23/2012,3:50:00 PM,ug/L,15.49,0.3,DHEC
RL-12125,10/23/2012,11:55:00 AM,ug/L,13.04,0.3,DHEC
RL-12056,8/16/2012,10:20:00 AM,ug/L,15.28,0.3,DHEC
CL-089,5/17/2012,10:40:00 AM,ug/L,30.35,0.3,DHEC
CW-016F,9/12/2012,10:15:00 AM,ug/L,3.47,0.3,DHEC
CW-057,9/12/2012,10:42:00 AM,ug/L,13.76,0.3,DHEC
RL-12056,9/27/2012,11:20:00 AM,ug/L,43.17,0.3,DHEC
CL-089,9/27/2012,10:30:00 AM,ug/L,8.25,0.3,DHEC
CW-231,8/16/2012,11:50:00 AM,ug/L,12.08,0.3,DHEC
CL-089,7/19/2012,11:50:00 AM,ug/L,14.75,0.3,DHEC
RL-12056,10/23/2012,10:45:00 AM,ug/L,19.79,0.3,DHEC
CW-207,5/17/2012,11:10:00 AM,ug/L,37.57,0.3,DHEC
CW-033,8/16/2012,11:30:00 AM,ug/L,3.59,0.3,DHEC
CW-033,10/23/2012,12:05:00 PM,ug/L,3.54,0.3,DHEC
CW-057,9/5/2013,12:58:00 PM,ug/L,6.61,0.3,DHEC
RL-13134,6/20/2013,1:47:00 PM,ug/L,3.46,0.3,DHEC
CW-072,6/20/2013,1:35:00 PM,ug/L,1.14,0.3,DHEC
CW-072,10/10/2013,1:30:00 PM,ug/L,0.28,0.3,DHEC
CW-016F,5/23/2013,10:53:00 AM,ug/L,0.76,0.3,DHEC
RL-13072,7/17/2013,12:11:00 PM,ug/L,2.59,0.3,DHEC
RL-13072,10/29/2013,1:00:00 PM,ug/L,2.93,0.3,DHEC
RL-13072,9/5/2013,12:34:00 PM,ug/L,3.83,0.3,DHEC
CW-033,8/8/2013,1:00:00 PM,ug/L,12.08,0.3,DHEC
RL-13134,8/21/2013,11:07:00 AM,ug/L,2.78,0.3,DHEC
CW-072,8/8/2013,1:45:00 PM,ug/L,0.57,0.3,DHEC
CW-016F,9/5/2013,12:17:00 PM,ug/L,1.09,0.3,DHEC
RL-13084,9/12/2013,12:05:00 PM,ug/L,7.03,0.3,DHEC
RL-13084,7/18/2013,12:05:00 PM,ug/L,13.31,0.3,DHEC
CW-033,10/10/2013,12:45:00 PM,ug/L,4.13,0.3,DHEC
CW-207,9/12/2013,11:55:00 AM,ug/L,8.38,0.3,DHEC
CW-016F,7/17/2013,11:47:00 AM,ug/L,2.03,0.3,DHEC
RL-13134,9/5/2013,10:20:00 AM,ug/L,1.54,0.3,DHEC
RL-13084,6/20/2013,10:32:00 AM,ug/L,13.47,0.3,DHEC
CW-057,5/23/2013,10:12:00 AM,ug/L,7.49,0.3,DHEC
CL-089,7/18/2013,10:15:00 AM,ug/L,12.96,0.3,DHEC
CW-033,6/20/2013,12:40:00 PM,ug/L,9.68,0.3,DHEC
CW-231,8/8/2013,12:10:00 PM,ug/L,2.27,0.3,DHEC
RL-13072,6/20/2013,3:25:00 PM,ug/L,41.47,0.3,DHEC
CW-207,7/18/2013,11:50:00 AM,ug/L,9.6,0.3,DHEC
CW-231,10/10/2013,12:15:00 PM,ug/L,1.34,0.3,DHEC
CW-057,7/17/2013,12:37:00 PM,ug/L,17.49,0.3,DHEC
CL-089,9/12/2013,10:01:00 AM,ug/L,8.83,0.3,DHEC
RL-13084,8/8/2013,10:45:00 AM,ug/L,19.15,0.3,DHEC
CW-231,6/20/2013,12:00:00 PM,ug/L,5.59,0.3,DHEC
RL-13072,8/21/2013,10:00:00 AM,ug/L,7.26,0.3,DHEC
RL-13084,10/10/2013,10:40:00 AM,ug/L,4.7,0.3,DHEC
CW-231,11/6/2014,11:45:00 AM,ug/L,2.63,0.3,DHEC
RL-14155,8/14/2014,10:58:00 AM,ug/L,21.1,0.3,DHEC
CW-033,5/22/2014,1:13:00 PM,ug/L,7.63,0.3,DHEC
CW-231,5/22/2014,2:20:00 PM,ug/L,2.05,0.3,DHEC
CW-016F,8/6/2014,10:30:00 AM,ug/L,2.63,0.3,DHEC
RL-14155,9/18/2014,9:48:00 AM,ug/L,14.96,0.3,DHEC
CW-207,10/16/2014,12:19:00 PM,ug/L,22.43,0.3,DHEC
RL-14155,5/22/2014,10:34:00 AM,ug/L,12.3,0.3,DHEC
CW-016F,10/20/2014,11:30:00 AM,ug/L,2.01,0.3,DHEC
RL-14147,11/6/2014,11:12:00 AM,ug/L,20.16,0.3,DHEC
CW-033,7/16/2014,11:40:00 AM,ug/L,16.75,0.3,DHEC
CL-089,8/14/2014,9:52:00 AM,ug/L,17.76,0.3,DHEC
RL-14147,8/14/2014,12:13:00 PM,ug/L,16.35,0.3,DHEC
RL-14155,6/12/2014,12:57:00 PM,ug/L,13.1,0.3,DHEC
CW-033,9/18/2014,11:25:00 AM,ug/L,8.8,0.3,DHEC
CW-057,10/20/2014,12:08:00 PM,ug/L,15.44,0.3,DHEC
CW-231,7/16/2014,12:10:00 PM,ug/L,9.44,0.3,DHEC
RL-14147,6/12/2014,1:55:00 PM,ug/L,12.06,0.3,DHEC
RL-14147,10/16/2014,1:28:00 PM,ug/L,35.98,0.3,DHEC
CW-057,8/6/2014,11:08:00 AM,ug/L,16.32,0.3,DHEC
CW-033,11/6/2014,11:19:00 AM,ug/L,7.12,0.3,DHEC
RL-14155,9/9/2014,11:00:00 AM,ug/L,4.7,0.3,DHEC
RL-14147,7/16/2014,11:25:00 AM,ug/L,19.04,0.3,DHEC
RL-14155,7/16/2014,9:35:00 AM,ug/L,14.67,0.3,DHEC
CL-089,10/16/2014,10:52:00 AM,ug/L,9.04,0.3,DHEC
CW-207,6/12/2014,12:40:00 PM,ug/L,14.46,0.3,DHEC
CW-231,9/18/2014,11:56:00 AM,ug/L,4.39,0.3,DHEC
CW-016,6/11/2014,10:26:00 AM,ug/L,2.38,0.3,DHEC
RL-14147,5/22/2014,1:20:00 PM,ug/L,15.87,0.3,DHEC
RL-14147,9/18/2014,11:15:00 AM,ug/L,12.64,0.3,DHEC
RL-14155,10/16/2014,12:03:00 PM,ug/L,20.86,0.3,DHEC
RL-14155,11/6/2014,12:55:00 PM,ug/L,25.68,0.3,DHEC
RL-15023,8/20/2015,11:43:00 AM,ug/L,22.82666667,0.3,DHEC
CW-174,8/20/2015,10:45:00 AM,ug/L,4.837333333,0.3,DHEC
CL-089,7/23/2015,10:26:00 AM,ug/L,15.14666667,0.3,DHEC
CW-231,8/13/2015,12:57:00 PM,ug/L,9.12,0.3,DHEC
CW-033,9/30/2015,10:50:00 AM,ug/L,11.94666667,0.3,DHEC
CW-207,8/13/2015,11:39:00 AM,ug/L,23.06666667,0.3,DHEC
RL-15007,6/18/2015,11:55:00 AM,ug/L,14.85333333,0.3,DHEC
CW-057,8/20/2015,12:09:00 PM,ug/L,21.25333333,0.3,DHEC
CW-016,9/29/2015,10:25:00 AM,ug/L,1.746666667,0.3,DHEC
CL-089,10/22/2015,11:00:00 AM,ug/L,12.45333333,0.3,DHEC
CL-089,6/18/2015,10:05:00 AM,ug/L,14.10666667,0.3,DHEC
CW-207,7/23/2015,11:36:00 AM,ug/L,34.08,0.3,DHEC
CW-231,6/18/2015,1:16:00 PM,ug/L,15.52,0.3,DHEC
CW-207,6/18/2015,11:00:00 AM,ug/L,19.62666667,0.3,DHEC
RL-15007,5/21/2015,11:44:00 AM,ug/L,6.2,0.3,DHEC
RL-15007,7/23/2015,12:31:00 PM,ug/L,17.6,0.3,DHEC
CW-207,5/21/2015,10:46:00 AM,ug/L,15.12,0.3,DHEC
RL-15104,7/15/2015,12:30:00 PM,ug/L,27.33333333,0.3,DHEC
CW-207,10/22/2015,11:50:00 AM,ug/L,11.04,0.3,DHEC
CW-033,7/15/2015,12:48:00 PM,ug/L,18.82666667,0.3,DHEC
RL-15104,8/20/2015,10:12:00 AM,ug/L,18.66666667,0.3,DHEC
RL-15023,10/20/2015,11:19:00 AM,ug/L,2.682666667,0.3,DHEC
CW-057,7/14/2015,9:57:00 AM,ug/L,28.85333333,0.3,DHEC
CW-174,10/15/2015,10:51:00 AM,ug/L,1.944,0.3,DHEC
CW-033,8/20/2015,10:25:00 AM,ug/L,18.96,0.3,DHEC
RL-15023,9/29/2015,10:06:00 AM,ug/L,23.25333333,0.3,DHEC
CW-174,7/15/2015,1:05:00 PM,ug/L,5.434666667,0.3,DHEC
RL-15104,9/30/2015,10:40:00 AM,ug/L,12.72,0.3,DHEC
RL-15104,10/15/2015,10:35:00 AM,ug/L,4.696,0.3,DHEC
RL-15023,7/14/2015,9:41:00 AM,ug/L,31.41333333,0.3,DHEC
CW-174,9/30/2015,11:05:00 AM,ug/L,2.925333333,0.3,DHEC
CL-089,8/13/2015,10:49:00 AM,ug/L,9.493333333,0.3,DHEC
CL-089,9/17/2015,10:35:00 AM,ug/L,8.106666667,0.3,DHEC
CW-207,9/17/2015,11:35:00 AM,ug/L,36.18666667,0.3,DHEC
CW-033,10/15/2015,10:05:00 AM,ug/L,3.485333333,0.3,DHEC
RL-15007,8/13/2015,12:42:00 PM,ug/L,17.44,0.3,DHEC
RL-15007,9/17/2015,12:31:00 PM,ug/L,8.237333333,0.3,DHEC
CL-089,5/21/2015,9:45:00 AM,ug/L,11.01333333,0.3,DHEC
CW-016,7/14/2015,10:35:00 AM,ug/L,2.669333333,0.3,DHEC
CW-057,10/20/2015,11:41:00 AM,ug/L,5.194666667,0.3,DHEC
CW-057,5/12/2016,11:30:00 AM,ug/L,19.79,0.3,DHEC
CW-174,7/21/2016,10:21:00 AM,ug/L,7.22,0.3,DHEC
CW-033,6/8/2016,10:55:00 AM,ug/L,9.55,0.3,DHEC
CW-207,10/25/2016,11:28:00 AM,ug/L,6.7,0.3,DHEC
CL-089,9/22/2016,10:38:00 AM,ug/L,10.8,0.3,DHEC
CW-207,9/22/2016,11:31:00 AM,ug/L,13.55,0.3,DHEC
RL-16039,5/26/2016,12:05:00 PM,ug/L,39.2,0.3,DHEC
RL-16039,6/30/2016,11:23:00 AM,ug/L,22.91,0.3,DHEC
RL-16115,7/21/2016,11:07:00 AM,ug/L,17.57,0.3,DHEC
CW-016,9/13/2016,10:30:00 AM,ug/L,3.23,0.3,DHEC
CL-089,6/30/2016,10:04:00 AM,ug/L,7.95,0.3,DHEC
CW-207,5/26/2016,11:41:00 AM,ug/L,14.59,0.3,DHEC
CL-089,8/4/2016,12:45:00 PM,ug/L,16.32,0.3,DHEC
CW-016F,7/13/2016,11:29:00 AM,ug/L,8.72,0.3,DHEC
RL-16115,10/13/2016,10:21:00 AM,ug/L,7.7,0.3,DHEC
CW-231,6/30/2016,12:20:00 PM,ug/L,2.92,0.3,DHEC
CL-089,10/25/2016,10:36:00 AM,ug/L,18.13,0.3,DHEC
RL-16115,8/9/2016,9:38:00 AM,ug/L,24.67,0.3,DHEC
CW-231,10/25/2016,12:38:00 PM,ug/L,1.74,0.3,DHEC
CW-016,8/10/2016,9:55:00 AM,ug/L,1.94,0.3,DHEC
RL-16039,8/4/2016,1:55:00 PM,ug/L,28.91,0.3,DHEC
CW-033,10/13/2016,10:45:00 AM,ug/L,4.28,0.3,DHEC
CW-016F,8/10/2016,10:06:00 AM,ug/L,12.85,0.3,DHEC
CW-016F,9/13/2016,10:52:00 AM,ug/L,4.45,0.3,DHEC
CW-057,8/10/2016,9:25:00 AM,ug/L,16.8,0.3,DHEC
CW-057,9/13/2016,11:22:00 AM,ug/L,15.87,0.3,DHEC
CW-016,7/13/2016,11:10:00 AM,ug/L,2.41,0.3,DHEC
RL-16115,9/14/2016,11:59:00 AM,ug/L,18.19,0.3,DHEC
RL-16039,9/22/2016,11:44:00 AM,ug/L,25.49,0.3,DHEC
CW-033,8/9/2016,9:55:00 AM,ug/L,21.01,0.3,DHEC
CW-016F,10/31/2016,2:50:00 PM,ug/L,2.51,0.3,DHEC
CW-033,7/21/2016,10:52:00 AM,ug/L,28.16,0.3,DHEC
CW-207,6/30/2016,11:05:00 AM,ug/L,15.09,0.3,DHEC
CW-033,9/14/2016,12:15:00 PM,ug/L,11.01,0.3,DHEC
CW-174,8/9/2016,10:21:00 AM,ug/L,4.58,0.3,DHEC
RL-16039,10/25/2016,11:45:00 AM,ug/L,28.85,0.3,DHEC
CW-207,8/4/2016,1:40:00 PM,ug/L,35.17,0.3,DHEC
CW-016,10/31/2016,3:11:00 PM,ug/L,2.62,0.3,DHEC
CW-057,7/13/2016,11:42:00 AM,ug/L,13.28,0.3,DHEC
CL-089,5/26/2016,10:44:00 AM,ug/L,32.45,0.3,DHEC
RL-16118,7/21/2016,1:52:00 PM,ug/L,5.73,0.3,DHEC
CW-174,10/13/2016,11:06:00 AM,ug/L,2.3,0.3,DHEC
CW-057,10/31/2016,3:31:00 PM,ug/L,32.21,0.3,DHEC
RL-16115,6/8/2016,11:15:00 AM,ug/L,24.51,0.3,DHEC
CW-174,9/14/2016,12:35:00 PM,ug/L,3.11,0.3,DHEC
CW-033,10/23/2018,11:07:00 AM,ug/L,1.95,0.3,DHEC
CW-033,8/7/2018,1:05:00 PM,ug/L,7.51,0.3,DHEC
CW-057,8/15/2018,11:07:00 AM,ug/L,16.59,0.3,DHEC
CW-174,7/16/2018,2:55:00 PM,ug/L,3.44,0.3,DHEC
CW-207,7/26/2018,11:09:00 AM,ug/L,24.19,0.3,DHEC
RL-18083,7/26/2018,11:28:00 AM,ug/L,27.92,0.3,DHEC
CW-207,8/8/2018,12:03:00 PM,ug/L,30.96,0.3,DHEC
CW-231,7/16/2018,1:40:00 PM,ug/L,12.08,0.3,DHEC
CW-174,10/23/2018,10:46:00 AM,ug/L,1.41,0.3,DHEC
RL-18146,8/7/2018,12:31:00 PM,ug/L,13.2,0.3,DHEC
CW-016F,8/15/2018,10:41:00 AM,ug/L,2.79,0.3,DHEC
CL-089,7/26/2018,10:36:00 AM,ug/L,8.72,0.3,DHEC
CW-231,10/23/2018,9:53:00 AM,ug/L,1.76,0.3,DHEC
CL-089,5/29/2018,10:22:00 AM,ug/L,14.29,0.3,DHEC
CW-033,5/31/2018,10:35:00 AM,ug/L,15.57,0.3,DHEC
CW-057,10/23/2018,3:09:00 PM,ug/L,9.89,0.3,DHEC
CW-174,6/18/2018,10:35:00 AM,ug/L,4.24,0.3,DHEC
RL-18083,5/29/2018,11:33:00 AM,ug/L,10.24,0.3,DHEC
CW-016F,5/17/2018,10:12:00 AM,ug/L,2.74,0.3,DHEC
CL-089,10/29/2018,11:02:00 AM,ug/L,7.04,0.3,DHEC
RL-18146,6/18/2018,10:21:00 AM,ug/L,14.08,0.3,DHEC
RL-18083,8/8/2018,12:25:00 PM,ug/L,30.11,0.3,DHEC
CW-057,5/17/2018,10:42:00 AM,ug/L,4.48,0.3,DHEC
RL-18083,6/14/2018,12:29:00 PM,ug/L,15.07,0.3,DHEC
RL-18146,10/23/2018,10:27:00 AM,ug/L,17.92,0.3,DHEC
RL-18146,5/31/2018,10:50:00 AM,ug/L,38,0.3,DHEC
RL-18146,7/16/2018,2:45:00 PM,ug/L,30.21,0.3,DHEC
CW-033,7/16/2018,2:30:00 PM,ug/L,15.23,0.3,DHEC
CW-231,8/7/2018,12:00:00 PM,ug/L,3.74,0.3,DHEC
CW-033,10/23/2018,11:07:00 AM,ug/L,1.83,0.3,DHEC
CW-174,8/7/2018,12:45:00 PM,ug/L,6.74,0.3,DHEC
CW-033,6/18/2018,10:06:00 AM,ug/L,8.8,0.3,DHEC
CW-057,7/12/2018,10:46:00 AM,ug/L,35.65,0.3,DHEC
CW-231,5/31/2018,9:56:00 AM,ug/L,4.53,0.3,DHEC
RL-18146,5/31/2018,10:50:00 AM,ug/L,38.56,0.3,DHEC
CW-016F,10/23/2018,2:43:00 PM,ug/L,1.71,0.3,DHEC
CW-033,7/16/2018,2:30:00 PM,ug/L,12.19,0.3,DHEC
CW-016F,5/17/2018,10:12:00 AM,ug/L,2.93,0.3,DHEC
CL-089,8/8/2018,10:25:00 AM,ug/L,19.39,0.3,DHEC
CW-207,6/14/2018,12:11:00 PM,ug/L,19.81,0.3,DHEC
CW-033,6/18/2018,10:06:00 AM,ug/L,7.36,0.3,DHEC
CL-089,6/20/2018,10:47:00 AM,ug/L,12.29,0.3,DHEC
CW-207,5/29/2018,11:15:00 AM,ug/L,21.76,0.3,DHEC
CW-016F,7/12/2018,10:22:00 AM,ug/L,5.29,0.3,DHEC
CW-057,8/15/2018,11:07:00 AM,ug/L,16.56,0.3,DHEC
CL-089,6/14/2018,11:02:00 AM,ug/L,21.71,0.3,DHEC
CW-231,6/18/2018,11:25:00 AM,ug/L,7.93,0.3,DHEC
CW-174,5/31/2018,11:17:00 AM,ug/L,4.53,0.3,DHEC
CW-057,7/25/2019,10:07:00 AM,ug/L,16.64,0.3,DHEC
CW-207B,10/8/2019,10:19:00 AM,ug/L,20.51,0.3,DHEC
CW-057,7/25/2019,10:34:00 AM,ug/L,14.45,5,DHEC
LCR-04,10/1/2019,11:23:00 AM,ug/L,31.2,3,DHEC
CW-207B,6/18/2019,12:54:00 PM,ug/L,17.87,3.5,DHEC
RL-19254,10/22/2019,11:14:00 AM,ug/L,30.24,0.3,DHEC
LCR-01,10/1/2019,12:03:00 PM,ug/L,16.37,0.3,DHEC
RL-19254,5/8/2019,11:07:00 AM,ug/L,16.8,0.3,DHEC
CW-208,5/7/2019,4:36:00 PM,ug/L,12.13,2.5,DHEC
LCR-02,9/10/2019,12:49:00 PM,ug/L,21.81,3.5,DHEC
LCR-04,6/25/2019,12:50:00 PM,ug/L,30.53,0.3,DHEC
CL-089,9/10/2019,9:28:00 AM,ug/L,39.17,0.3,DHEC
LCR-05,9/17/2019,11:12:00 AM,ug/L,18.59,3,DHEC
RL-19166,6/3/2019,12:56:00 PM,ug/L,33.28,0.3,DHEC
CW-207B,8/27/2019,10:28:00 AM,ug/L,15.55,2,DHEC
LCR-05,8/20/2019,11:08:00 AM,ug/L,40.19,0.3,DHEC
CW-207B,6/18/2019,12:05:00 PM,ug/L,25.2,0.3,DHEC
CW-033,7/2/2019,10:52:00 AM,ug/L,8.34,0.3,DHEC
CW-057,8/20/2019,10:01:00 AM,ug/L,10.77,5.5,DHEC
CW-208,5/21/2019,3:54:00 PM,ug/L,14.75,0.3,DHEC
CL-089,5/7/2019,10:10:00 AM,ug/L,15.25,0.3,DHEC
LCR-03,10/23/2019,1:13:00 PM,ug/L,14.48,0.3,DHEC
CW-057,10/22/2019,2:18:00 PM,ug/L,5.63,0.3,DHEC
CW-231,7/2/2019,9:37:00 AM,ug/L,7.91,0.3,DHEC
LCR-05,6/11/2019,12:32:00 PM,ug/L,26.45,0.3,DHEC
LCR-03,9/24/2019,1:13:00 PM,ug/L,40.8,0.3,DHEC
LCR-02,5/21/2019,1:35:00 PM,ug/L,34.59,0.3,DHEC
CL-089,9/10/2019,9:55:00 AM,ug/L,3.9,10,DHEC
CW-208,7/1/2019,4:20:00 PM,ug/L,26.11,2,DHEC
RS-17340,4/16/2019,2:30:00 PM,ug/L,0.58,0.3,DHEC
CW-208,7/30/2019,2:58:00 PM,ug/L,22.19,0.3,DHEC
CL-089,7/15/2019,10:54:00 AM,ug/L,36.43,1.5,DHEC
CW-016F,9/17/2019,1:25:00 PM,ug/L,9.09,0.3,DHEC
RL-19166,7/30/2019,12:57:00 PM,ug/L,21.12,0.3,DHEC
CW-208,6/18/2019,5:41:00 PM,ug/L,32.93,0.3,DHEC
LCR-04,6/11/2019,1:34:00 PM,ug/L,6.73,3,DHEC
CW-208,9/24/2019,2:38:00 PM,ug/L,46.11,2,DHEC
CW-207B,10/23/2019,10:57:00 AM,ug/L,37.52,2,DHEC
LCR-05,10/29/2019,10:47:00 AM,ug/L,14.69,3.5,DHEC
LCR-02,9/10/2019,12:56:00 PM,ug/L,36.12,1.5,DHEC
CW-231,10/22/2019,9:44:00 AM,ug/L,2.41,0.3,DHEC
LCR-03,6/5/2019,2:47:00 PM,ug/L,38.91,2.25,DHEC
LCR-02,4/24/2019,4:53:00 PM,ug/L,2.44,4,DHEC
LCR-05,5/29/2019,12:20:00 PM,ug/L,25.41,0.3,DHEC
LCR-02,6/18/2019,3:01:00 PM,ug/L,20.77,1.5,DHEC
CW-016F,5/8/2019,2:47:00 PM,ug/L,2.39,0.3,DHEC
LCR-03,10/8/2019,1:55:00 PM,ug/L,22.61,1.5,DHEC
CL-089,8/8/2019,11:06:00 AM,ug/L,19.97,0.3,DHEC
CW-207B,7/30/2019,11:09:00 AM,ug/L,29.28,1.5,DHEC
CW-231,6/5/2019,9:24:00 AM,ug/L,4.15,0.3,DHEC
CW-174,10/22/2019,10:36:00 AM,ug/L,3.78,0.3,DHEC
LCR-04,10/29/2019,10:02:00 AM,ug/L,44.75,0.3,DHEC
RL-19166,5/15/2019,12:58:00 PM,ug/L,37.95,0.3,DHEC
CW-207B,10/8/2019,10:40:00 AM,ug/L,19.33,4,DHEC
LCR-02,7/1/2019,2:07:00 PM,ug/L,8.85,4,DHEC
CW-057,7/2/2019,2:27:00 PM,ug/L,7.72,0.3,DHEC
CW-207B,5/7/2019,11:42:00 AM,ug/L,10.43,0.3,DHEC
CW-033,6/5/2019,10:19:00 AM,ug/L,14.99,0.3,DHEC
LCR-05,9/3/2019,10:34:00 AM,ug/L,17.01,0.3,DHEC
LCR-03,6/18/2019,5:12:00 PM,ug/L,38.88,2,DHEC
CW-016F,6/5/2019,12:46:00 PM,ug/L,5.37,0.3,DHEC
LCR-04,8/6/2019,12:07:00 PM,ug/L,23.6,0.3,DHEC
CW-208,10/8/2019,1:21:00 PM,ug/L,41.89,2,DHEC
CW-208,8/20/2019,3:58:00 PM,ug/L,41.81,0.3,DHEC
LCR-02,10/23/2019,11:44:00 AM,ug/L,5.86,0.3,DHEC
LCR-05,10/15/2019,9:50:00 AM,ug/L,16.72,0.3,DHEC
CW-207B,8/20/2019,11:37:00 AM,ug/L,24.88,0.3,DHEC
CW-207B,7/30/2019,10:44:00 AM,ug/L,26.48,0.3,DHEC
CL-089,10/8/2019,9:54:00 AM,ug/L,8.53,5,DHEC
LCR-05,6/25/2019,12:13:00 PM,ug/L,36.11,0.3,DHEC
CW-057,7/25/2019,10:43:00 AM,ug/L,21.68,2.5,DHEC
LCR-03,7/30/2019,1:43:00 PM,ug/L,17.57,0.3,DHEC
LCR-02,10/23/2019,12:03:00 PM,ug/L,4.45,3.5,DHEC
RL-19149,5/8/2019,10:50:00 AM,ug/L,18.93,0.3,DHEC
CW-231,9/17/2019,9:36:00 AM,ug/L,5.54,0.3,DHEC
CL-089,8/27/2019,9:30:00 AM,ug/L,10.08,5,DHEC
LCR-01,10/15/2019,10:49:00 AM,ug/L,3.62,0.3,DHEC
LCR-03,7/15/2019,2:30:00 PM,ug/L,14.91,0.3,DHEC
CW-057,9/17/2019,10:35:00 AM,ug/L,11.44,5,DHEC
LCR-02,7/30/2019,1:21:00 PM,ug/L,7.88,4,DHEC
CL-089,10/23/2019,9:35:00 AM,ug/L,15.68,5,DHEC
LCR-04,10/29/2019,10:20:00 AM,ug/L,39.71,2,DHEC
LCR-02,6/5/2019,1:25:00 PM,ug/L,27.31,0.3,DHEC
LCR-04,5/29/2019,1:04:00 PM,ug/L,17.89,4,DHEC
LCR-05,7/9/2019,11:47:00 AM,ug/L,7.71,4,DHEC
LCR-02,8/27/2019,11:43:00 AM,ug/L,4.72,1.5,DHEC
RL-19258,5/8/2019,1:38:00 PM,ug/L,3.97,0.3,DHEC
CW-016F,7/2/2019,2:04:00 PM,ug/L,16.37,0.3,DHEC
LCR-05,8/20/2019,11:24:00 AM,ug/L,15.04,3.5,DHEC
LCR-02,6/18/2019,2:20:00 PM,ug/L,16.43,0.3,DHEC
LCR-02,9/10/2019,12:26:00 PM,ug/L,20.4,0.3,DHEC
CW-033,5/8/2019,10:36:00 AM,ug/L,13.36,0.3,DHEC
CW-033,10/22/2019,10:49:00 AM,ug/L,10.43,0.3,DHEC
CW-208,9/10/2019,2:34:00 PM,ug/L,41.84,0.3,DHEC
CW-208,8/27/2019,1:03:00 PM,ug/L,48.8,0.3,DHEC
CL-089,6/5/2019,10:41:00 AM,ug/L,13.71,4,DHEC
LCR-05,10/15/2019,10:01:00 AM,ug/L,13.39,3,DHEC
LCR-02,7/30/2019,1:15:00 PM,ug/L,10.85,2,DHEC
LCR-05,8/6/2019,11:38:00 AM,ug/L,20.27,0.3,DHEC
LCR-04,10/1/2019,10:56:00 AM,ug/L,32.16,0.3,DHEC
CW-057,8/20/2019,9:20:00 AM,ug/L,15.79,0.3,DHEC
CW-207B,4/24/2019,3:22:00 PM,ug/L,9.95,3.5,DHEC
CL-089,5/21/2019,10:20:00 AM,ug/L,17.36,1,DHEC
CL-089,7/1/2019,11:01:00 AM,ug/L,6.8,10,DHEC
CW-208,5/7/2019,4:12:00 PM,ug/L,9.73,0.3,DHEC
CW-207,9/9/2019,11:31:00 AM,ug/L,31.73,0.3,DHEC
LCR-02,5/7/2019,2:00:00 PM,ug/L,5.04,3,DHEC
LCR-03,4/24/2019,5:00:00 PM,ug/L,2.58,6,DHEC
CW-057,9/17/2019,10:25:00 AM,ug/L,27.68,2,DHEC
LCR-02,5/7/2019,2:25:00 PM,ug/L,4.51,6,DHEC
CW-057,6/11/2019,11:19:00 AM,ug/L,7.19,5,DHEC
CW-208,6/5/2019,4:30:00 PM,ug/L,30.64,2.5,DHEC
CL-089,6/18/2019,10:22:00 AM,ug/L,22.37,0.3,DHEC
LCR-04,6/11/2019,1:05:00 PM,ug/L,20.19,0.3,DHEC
CW-207B,5/21/2019,12:25:00 PM,ug/L,5.8,7,DHEC
CW-057,5/8/2019,3:08:00 PM,ug/L,11.68,0.3,DHEC
LWT-01,4/16/2019,10:11:00 AM,ug/L,2.99,0.3,DHEC
CW-208,7/15/2019,4:03:00 PM,ug/L,44.81,1.5,DHEC
LCR-02,10/23/2019,12:12:00 PM,ug/L,5.89,1.5,DHEC
CW-057,5/29/2019,10:44:00 AM,ug/L,10.64,5,DHEC
LCR-03,10/8/2019,1:36:00 PM,ug/L,23.55,0.3,DHEC
CL-089,6/18/2019,11:12:00 AM,ug/L,28.27,1.3,DHEC
LCR-05,9/3/2019,10:47:00 AM,ug/L,16.67,3,DHEC
CW-207B,7/15/2019,12:05:00 PM,ug/L,23.87,3.5,DHEC
CL-089,10/8/2019,9:47:00 AM,ug/L,8.77,10,DHEC
LCT-03,4/16/2019,3:23:00 PM,ug/L,0.34,0.3,DHEC
CW-057,10/1/2019,9:55:00 AM,ug/L,15.71,5,DHEC
CL-089,7/15/2019,10:31:00 AM,ug/L,30.56,0.3,DHEC
CL-089,5/21/2019,10:42:00 AM,ug/L,7.6,6,DHEC
CL-089,7/30/2019,10:14:00 AM,ug/L,7.42,4,DHEC
RL-19149,10/22/2019,11:03:00 AM,ug/L,45.73,0.3,DHEC
CL-089,9/24/2019,10:18:00 AM,ug/L,14.05,5,DHEC
CW-057,10/1/2019,9:28:00 AM,ug/L,33.41,0.3,DHEC
CW-057,10/29/2019,9:18:00 AM,ug/L,41.68,0.3,DHEC
CL-089,7/30/2019,10:52:00 AM,ug/L,6.94,0.3,DHEC
CW-208,7/1/2019,3:52:00 PM,ug/L,18.45,0.3,DHEC
CW-208,6/5/2019,4:14:00 PM,ug/L,33.71,0.3,DHEC
LCR-05,6/25/2019,12:25:00 PM,ug/L,12.48,6,DHEC
LCR-04,9/17/2019,11:48:00 AM,ug/L,31.71,0.3,DHEC
LCR-02,10/8/2019,11:54:00 AM,ug/L,5.54,3.5,DHEC
LCR-02,6/5/2019,1:39:00 PM,ug/L,18.24,2,DHEC
CW-207B,5/21/2019,12:15:00 PM,ug/L,10.96,4,DHEC
CW-174,6/5/2019,10:01:00 AM,ug/L,5.42,0.3,DHEC
CW-057,8/20/2019,9:52:00 AM,ug/L,14.37,3,DHEC
CW-208,9/10/2019,2:56:00 PM,ug/L,43.73,2.5,DHEC
CL-089,4/24/2019,2:00:00 PM,ug/L,2.71,10,DHEC
CW-057,7/9/2019,10:37:00 AM,ug/L,11.76,4,DHEC
CW-208,10/23/2019,2:38:00 PM,ug/L,29.79,2,DHEC
CW-057,8/6/2019,10:06:00 AM,ug/L,30.85,0.3,DHEC
LCR-02,10/8/2019,11:59:00 AM,ug/L,6.01,1.5,DHEC
CW-207B,5/7/2019,12:04:00 PM,ug/L,11.89,4,DHEC
CW-057,6/11/2019,10:47:00 AM,ug/L,7.16,0.3,DHEC
LCR-02,7/30/2019,12:52:00 PM,ug/L,13.79,0.3,DHEC
LCR-02,5/21/2019,2:05:00 PM,ug/L,3.35,4,DHEC
LCR-02,10/8/2019,11:34:00 AM,ug/L,5.9,0.3,DHEC
CW-057,10/29/2019,9:40:00 AM,ug/L,8.25,5,DHEC
CW-207B,5/21/2019,11:26:00 AM,ug/L,23.4,0.3,DHEC
LCR-03,8/20/2019,2:26:00 PM,ug/L,26.99,0.3,DHEC
CL-089,6/3/2019,11:09:00 AM,ug/L,17.79,0.3,DHEC
CW-207,5/15/2019,12:07:00 PM,ug/L,13.84,0.3,DHEC
CW-208,5/21/2019,4:09:00 PM,ug/L,26.75,1.5,DHEC
LCR-01,6/11/2019,2:00:00 PM,ug/L,6.61,0.3,DHEC
CW-057,5/29/2019,10:24:00 AM,ug/L,24.45,2,DHEC
LCR-05,7/9/2019,11:31:00 AM,ug/L,16.91,0.3,DHEC
LCR-04,8/6/2019,12:34:00 PM,ug/L,21.76,3,DHEC
LCR-01,9/3/2019,11:55:00 AM,ug/L,7.87,0.3,DHEC
CL-089,10/23/2019,9:46:00 AM,ug/L,15.41,10,DHEC
CW-033,9/17/2019,10:43:00 AM,ug/L,23.81,0.3,DHEC
CW-057,6/5/2019,1:11:00 PM,ug/L,24.08,0.3,DHEC
CW-174,7/2/2019,10:36:00 AM,ug/L,7.55,0.3,DHEC
CW-208,10/8/2019,1:03:00 PM,ug/L,43.09,0.3,DHEC
RL-19166,9/9/2019,12:16:00 PM,ug/L,37.31,0.3,DHEC
LCR-04,7/9/2019,12:02:00 PM,ug/L,15.15,0.3,DHEC
CW-231,8/15/2019,9:26:00 AM,ug/L,5.28,0.3,DHEC
CW-057,8/29/2019,12:08:00 PM,ug/L,28.93,0.3,DHEC
CW-016F,9/17/2019,1:25:00 PM,ug/L,9.17,0.3,DHEC
LCR-02,9/24/2019,12:17:00 PM,ug/L,12.56,3.5,DHEC
CW-174,7/2/2019,10:36:00 AM,ug/L,7.73,0.3,DHEC
LCR-04,5/29/2019,12:46:00 PM,ug/L,24.53,0.3,DHEC
CW-057,10/29/2019,9:47:00 AM,ug/L,31.39,2,DHEC
LCR-02,4/24/2019,4:24:00 PM,ug/L,3.03,0.3,DHEC
LCR-02,5/21/2019,2:15:00 PM,ug/L,1.51,6,DHEC
CW-057,10/15/2019,9:27:00 AM,ug/L,15.39,5,DHEC
LCR-02,8/27/2019,11:14:00 AM,ug/L,5.46,0.3,DHEC
CW-207B,7/30/2019,11:17:00 AM,ug/L,25.01,4,DHEC
CL-089,10/23/2019,9:19:00 AM,ug/L,16.29,0.3,DHEC
CW-057,10/1/2019,10:08:00 AM,ug/L,34.53,2,DHEC
CW-057,9/3/2019,9:39:00 AM,ug/L,22.27,0.3,DHEC
LCR-02,7/15/2019,1:29:00 PM,ug/L,9.73,2,DHEC
LCR-05,5/29/2019,12:03:00 PM,ug/L,21.71,6,DHEC
LCR-03,5/7/2019,3:30:00 PM,ug/L,22.32,2,DHEC
LCR-05,10/29/2019,10:35:00 AM,ug/L,51.68,0.3,DHEC
LCR-04,7/25/2019,12:16:00 PM,ug/L,14.8,0.3,DHEC
LCR-05,8/6/2019,11:52:00 AM,ug/L,8.11,3.5,DHEC
LCR-03,8/27/2019,12:48:00 PM,ug/L,20.43,1.5,DHEC
LCR-01,7/25/2019,1:20:00 PM,ug/L,10.67,0.3,DHEC
LCR-04,9/3/2019,11:22:00 AM,ug/L,19.76,2,DHEC
LCR-03,9/24/2019,1:32:00 PM,ug/L,40.99,1.5,DHEC
RL-19149,7/2/2019,11:09:00 AM,ug/L,11.65,0.3,DHEC
LCR-05,10/1/2019,10:39:00 AM,ug/L,26.37,3.5,DHEC
CW-057,9/3/2019,10:10:00 AM,ug/L,23.73,2,DHEC
CW-174,9/17/2019,10:28:00 AM,ug/L,7.86,0.3,DHEC
LCR-03,9/10/2019,1:40:00 PM,ug/L,49.87,1.5,DHEC
CW-207B,4/24/2019,3:37:00 PM,ug/L,12.56,8,DHEC
LCR-04,9/3/2019,11:02:00 AM,ug/L,19.2,0.3,DHEC
CW-208,6/18/2019,6:21:00 PM,ug/L,34.4,1,DHEC
LCR-03,7/1/2019,3:00:00 PM,ug/L,17.71,2,DHEC
CW-207B,10/8/2019,10:47:00 AM,ug/L,19.41,2,DHEC
CW-207B,7/15/2019,11:43:00 AM,ug/L,23.55,0.3,DHEC
CW-231,5/8/2019,9:46:00 AM,ug/L,7.67,0.3,DHEC
LCR-02,7/1/2019,1:55:00 PM,ug/L,7.45,2,DHEC
LCR-03,7/15/2019,2:39:00 PM,ug/L,25.07,2,DHEC
CW-207B,9/10/2019,11:07:00 AM,ug/L,53.01,2,DHEC
CL-089,4/24/2019,2:22:00 PM,ug/L,2.4,7,DHEC
RL-19254,6/5/2019,10:52:00 AM,ug/L,34.37,0.3,DHEC
CW-057,6/25/2019,10:55:00 AM,ug/L,8.93,3.3,DHEC
LCR-04,8/20/2019,10:32:00 AM,ug/L,27.15,0.3,DHEC
CW-207,8/8/2019,12:16:00 PM,ug/L,20.56,0.3,DHEC
LCR-02,5/7/2019,2:13:00 PM,ug/L,4.5,4.5,DHEC
LCR-01,9/17/2019,12:31:00 PM,ug/L,26.8,0.3,DHEC
LCR-02,7/1/2019,1:29:00 PM,ug/L,7.33,0.3,DHEC
CW-057,10/15/2019,9:34:00 AM,ug/L,19.04,2,DHEC
CL-089,9/10/2019,10:05:00 AM,ug/L,12.08,5,DHEC
CW-057,6/11/2019,11:30:00 AM,ug/L,8.56,2,DHEC
CW-207,10/24/2019,11:25:00 AM,ug/L,15.79,0.3,DHEC
LCR-01,10/29/2019,11:04:00 AM,ug/L,4.14,0.3,DHEC
CW-207B,4/24/2019,3:31:00 PM,ug/L,3.98,7,DHEC
LCR-03,6/18/2019,4:37:00 PM,ug/L,72.35,0.3,DHEC
LCR-03,5/21/2019,3:20:00 PM,ug/L,16.75,3.5,DHEC
LCR-04,6/25/2019,1:23:00 PM,ug/L,15.68,3.1,DHEC
CW-057,8/6/2019,10:35:00 AM,ug/L,15.79,3,DHEC
RL-19258,8/29/2019,10:24:00 AM,ug/L,8.56,0.3,DHEC
LCR-04,8/20/2019,10:55:00 AM,ug/L,23.01,3,DHEC
RL-19258,7/2/2019,12:54:00 PM,ug/L,13.97,0.3,DHEC
CL-089,6/5/2019,10:25:00 AM,ug/L,16,0.3,DHEC
LCR-01,7/9/2019,12:42:00 PM,ug/L,16.43,0.3,DHEC
LCR-02,8/20/2019,1:19:00 PM,ug/L,13.84,0.3,DHEC
LCR-01,6/25/2019,2:00:00 PM,ug/L,19.87,0.3,DHEC
LCR-03,7/1/2019,2:33:00 PM,ug/L,15.09,0.3,DHEC
CW-174,5/8/2019,10:19:00 AM,ug/L,2.84,0.3,DHEC
LCR-03,5/21/2019,2:50:00 PM,ug/L,21.44,0.3,DHEC
CW-057,7/9/2019,10:03:00 AM,ug/L,14.72,0.3,DHEC
CW-016F,8/29/2019,11:42:00 AM,ug/L,4.97,0.3,DHEC
CL-089,7/1/2019,10:06:00 AM,ug/L,21,0.3,DHEC
CL-089,7/30/2019,10:05:00 AM,ug/L,7.13,10,DHEC
CW-057,10/15/2019,9:02:00 AM,ug/L,19.6,0.3,DHEC
LCR-02,9/24/2019,12:22:00 PM,ug/L,25.63,1.5,DHEC
CW-207B,6/5/2019,12:07:00 PM,ug/L,30.37,4,DHEC
CW-174,8/15/2019,10:06:00 AM,ug/L,4.26,0.3,DHEC
LCR-02,4/24/2019,4:45:00 PM,ug/L,2.82,2,DHEC
CW-207B,9/24/2019,11:07:00 AM,ug/L,36.4,4,DHEC
LCR-02,6/5/2019,1:50:00 PM,ug/L,9.57,4,DHEC
CW-207B,7/1/2019,11:37:00 AM,ug/L,18.75,0.3,DHEC
CW-207B,8/27/2019,9:58:00 AM,ug/L,16.96,0.3,DHEC
CW-208,10/23/2019,2:16:00 PM,ug/L,30.32,0.3,DHEC
CW-208,5/21/2019,4:20:00 PM,ug/L,10.21,4.5,DHEC
CW-057,6/25/2019,10:27:00 AM,ug/L,11.28,0.3,DHEC
CL-089,10/24/2019,10:28:00 AM,ug/L,13.87,0.3,DHEC
CL-089,8/27/2019,9:23:00 AM,ug/L,9.17,10,DHEC
CW-057,9/17/2019,9:59:00 AM,ug/L,26.03,0.3,DHEC
CW-208,7/15/2019,3:51:00 PM,ug/L,20.66,0.3,DHEC
CW-057,5/29/2019,10:00:00 AM,ug/L,21.79,0.3,DHEC
LCR-01,8/20/2019,12:13:00 PM,ug/L,21.31,0.3,DHEC
LCR-01,5/29/2019,1:43:00 PM,ug/L,9.17,0.3,DHEC
LCR-03,7/30/2019,2:07:00 PM,ug/L,24.64,1.5,DHEC
CW-208,8/27/2019,1:22:00 PM,ug/L,53.92,1.5,DHEC
LCR-04,10/15/2019,10:36:00 AM,ug/L,18.61,2,DHEC
CW-207B,7/15/2019,11:53:00 AM,ug/L,30.21,1.5,DHEC
LCR-03,10/23/2019,1:33:00 PM,ug/L,37.55,1.5,DHEC
LCR-05,7/25/2019,11:46:00 AM,ug/L,17.73,0.3,DHEC
CL-089,8/20/2019,10:12:00 AM,ug/L,26.13,0.3,DHEC
LCR-02,5/7/2019,1:37:00 PM,ug/L,6.78,0.3,DHEC
LCR-04,9/17/2019,12:12:00 PM,ug/L,20.32,2,DHEC
CW-207B,4/24/2019,3:09:00 PM,ug/L,20.13,0.3,DHEC
CW-207B,6/5/2019,11:56:00 AM,ug/L,25.31,2,DHEC
LCR-03,9/10/2019,1:18:00 PM,ug/L,45.71,0.3,DHEC
RL-19254,7/2/2019,11:22:00 AM,ug/L,13.68,0.3,DHEC
LCR-03,5/7/2019,3:10:00 PM,ug/L,12.99,0.3,DHEC
LCR-02,6/18/2019,3:13:00 PM,ug/L,9.07,3.5,DHEC
RL-19149,8/15/2019,10:45:00 AM,ug/L,23.63,0.3,DHEC
LCR-02,9/24/2019,11:59:00 AM,ug/L,27.28,0.3,DHEC
RL-19166,8/8/2019,1:17:00 PM,ug/L,20.85,0.3,DHEC
CW-207B,10/23/2019,10:49:00 AM,ug/L,31.85,4,DHEC
LCR-03,5/21/2019,3:08:00 PM,ug/L,41.65,1.5,DHEC
CW-207B,9/10/2019,10:33:00 AM,ug/L,60.11,0.3,DHEC
CW-207B,6/18/2019,12:41:00 PM,ug/L,31.57,1,DHEC
LCR-02,7/15/2019,1:19:00 PM,ug/L,13.07,0.3,DHEC
LCR-03,8/27/2019,12:30:00 PM,ug/L,24.43,0.3,DHEC
CW-207B,9/10/2019,10:58:00 AM,ug/L,34.14,4,DHEC
CW-208,7/30/2019,3:21:00 PM,ug/L,22.69,2,DHEC
CW-057,9/17/2019,1:50:00 PM,ug/L,31.04,0.3,DHEC
LCR-04,7/25/2019,12:38:00 PM,ug/L,15.31,1.5,DHEC
CW-208,5/7/2019,4:50:00 PM,ug/L,4.38,4.5,DHEC
RS-19476,4/16/2019,1:21:00 PM,ug/L,2.91,0.3,DHEC
CL-089,7/1/2019,10:50:00 AM,ug/L,20.37,2,DHEC
LCR-05,10/1/2019,10:26:00 AM,ug/L,37.28,0.3,DHEC
CL-089,8/27/2019,8:57:00 AM,ug/L,10.75,0.3,DHEC
LCR-03,6/5/2019,2:34:00 PM,ug/L,36.73,0.3,DHEC
CW-207B,6/5/2019,11:41:00 AM,ug/L,30.37,0.3,DHEC
CW-208,9/24/2019,2:17:00 PM,ug/L,34.21,0.3,DHEC
RL-19149,9/17/2019,11:10:00 AM,ug/L,26.19,0.3,DHEC
CL-089,7/15/2019,10:42:00 AM,ug/L,13.41,10,DHEC
LCR-05,9/17/2019,10:58:00 AM,ug/L,27.28,0.3,DHEC
LCR-04,7/9/2019,12:25:00 PM,ug/L,9.29,3.5,DHEC
CL-089,9/24/2019,9:45:00 AM,ug/L,13.09,0.3,DHEC
CW-207B,8/27/2019,10:21:00 AM,ug/L,16.27,4,DHEC
CW-207,6/3/2019,12:08:00 PM,ug/L,27.76,0.3,DHEC
CL-089,10/8/2019,9:20:00 AM,ug/L,8.91,0.3,DHEC
LCR-02,8/27/2019,11:36:00 AM,ug/L,5.19,3.5,DHEC
CW-033,8/15/2019,10:24:00 AM,ug/L,19.89,0.3,DHEC
CL-089,4/24/2019,2:35:00 PM,ug/L,2.88,4,DHEC
CL-089,6/18/2019,11:26:00 AM,ug/L,18.13,4,DHEC
CL-089,5/7/2019,10:53:00 AM,ug/L,6.16,10,DHEC
RL-19149,8/15/2019,10:45:00 AM,ug/L,22.72,0.3,DHEC
CW-207B,9/24/2019,11:14:00 AM,ug/L,48.99,2,DHEC
LCT-02,4/16/2019,11:55:00 AM,ug/L,1.59,0.3,DHEC
LCR-03,5/7/2019,3:45:00 PM,ug/L,21.04,3.5,DHEC
RL-19166,9/9/2019,12:16:00 PM,ug/L,37.76,0.3,DHEC
CL-089,6/5/2019,10:50:00 AM,ug/L,3.21,10,DHEC
CW-207B,10/23/2019,10:25:00 AM,ug/L,33.55,0.3,DHEC
LCR-04,10/15/2019,10:14:00 AM,ug/L,20.51,0.3,DHEC
CW-207B,5/7/2019,12:14:00 PM,ug/L,4.47,7,DHEC
LCR-02,7/15/2019,1:40:00 PM,ug/L,8.4,4,DHEC
CW-207B,7/1/2019,12:17:00 PM,ug/L,11.36,5,DHEC
CL-089,9/9/2019,10:33:00 AM,ug/L,25.72,0.3,DHEC
CW-057,7/9/2019,10:46:00 AM,ug/L,8.09,6,DHEC
CL-089,9/24/2019,10:11:00 AM,ug/L,11.79,10,DHEC
CW-057,8/6/2019,10:44:00 AM,ug/L,7.5,6,DHEC
RL-19166,10/24/2019,12:04:00 PM,ug/L,23.76,0.3,DHEC
CL-089,5/21/2019,9:54:00 AM,ug/L,20.69,0.3,DHEC
CL-089,5/7/2019,11:05:00 AM,ug/L,2.44,15,DHEC
LCR-02,5/21/2019,1:55:00 PM,ug/L,17.04,2.3,DHEC
LCR-05,7/25/2019,12:00:00 PM,ug/L,13.2,4,DHEC
RL-19254,9/17/2019,10:59:00 AM,ug/L,17.71,0.3,DHEC
CW-207B,7/1/2019,12:06:00 PM,ug/L,17.47,1.5,DHEC
RL-19254,8/15/2019,10:36:00 AM,ug/L,22.13,0.3,DHEC
LCR-01,8/6/2019,1:10:00 PM,ug/L,12.19,0.3,DHEC
CW-057,9/3/2019,10:03:00 AM,ug/L,8.96,5,DHEC
CW-207,7/30/2019,11:58:00 AM,ug/L,19.41,0.3,DHEC
CW-016F,10/22/2019,1:56:00 PM,ug/L,6.09,0.3,DHEC
CW-207B,9/24/2019,10:45:00 AM,ug/L,51.04,0.3,DHEC
CL-089,5/15/2019,11:08:00 AM,ug/L,15.81,0.3,DHEC
RL-19149,6/5/2019,10:39:00 AM,ug/L,38.32,0.3,DHEC
CL-089,4/24/2019,1:12:00 PM,ug/L,8.83,0.3,DHEC
CW-207B,5/21/2019,12:01:00 PM,ug/L,27.09,1.5,DHEC
CW-057,6/25/2019,11:07:00 AM,ug/L,17.73,1,DHEC
CW-014,4/16/2019,11:15:00 AM,ug/L,2.88,0.3,DHEC
CL-089,5/7/2019,10:41:00 AM,ug/L,10.45,5,DHEC
CL-089,7/30/2019,9:38:00 AM,ug/L,7.26,0.3,DHEC
CW-207B,7/27/2020,12:10:00 PM,ug/L,29.44,1.5,DHEC
LCR-02,10/5/2020,12:47:00 PM,ug/L,5.656,0.3,DHEC
LCR-02,6/29/2020,12:17:00 PM,ug/L,15.41333333,1.5,DHEC
CW-231,9/24/2020,12:25:00 PM,ug/L,4.258666667,0.3,DHEC
CW-231,8/10/2020,12:53:00 PM,ug/L,8.298666667,0.3,DHEC
LCR-04,7/27/2020,10:31:00 AM,ug/L,30.58666667,1.5,DHEC
CW-174,8/25/2020,12:35:00 PM,ug/L,4.512,0.3,DHEC
CW-057,7/14/2020,12:36:00 PM,ug/L,21.2,0.3,DHEC
CW-207B,9/8/2020,11:33:00 AM,ug/L,23.38666667,0.3,DHEC
CW-207,7/14/2020,11:20:00 AM,ug/L,17.97333333,0.3,DHEC
CW-231,10/5/2020,1:13:00 PM,ug/L,5.074666667,0.3,DHEC
LCR-02,8/24/2020,12:34:00 PM,ug/L,5.264,1.5,DHEC
LCR-04,5/19/2020,9:39:00 AM,ug/L,20.42666667,3.6,DHEC
CW-207B,5/5/2020,11:46:00 AM,ug/L,33.92,1.5,DHEC
LCR-04,9/22/2020,9:27:00 AM,ug/L,6.658666667,3.6,DHEC
CW-208,5/5/2020,1:09:00 PM,ug/L,47.06666667,2.75,DHEC
LCR-03,7/27/2020,12:31:00 PM,ug/L,25.65333333,0.3,DHEC
LCR-03,9/22/2020,11:53:00 AM,ug/L,6.261333333,2.15,DHEC
CW-208,7/13/2020,12:39:00 PM,ug/L,21.22666667,2.75,DHEC
LCR-03,7/13/2020,12:02:00 PM,ug/L,33.84,1.5,DHEC
CW-207B,5/5/2020,11:46:00 AM,ug/L,33.92,3.75,DHEC
CW-208,6/29/2020,11:27:00 AM,ug/L,37.14666667,0.3,DHEC
CW-174,5/28/2020,10:23:00 AM,ug/L,2.541333333,0.3,DHEC
CL-089,10/27/2020,9:46:00 AM,ug/L,16.74666667,0.3,DHEC
CW-207B,9/8/2020,11:42:00 AM,ug/L,25.06666667,3.75,DHEC
CW-033,6/25/2020,1:15:00 PM,ug/L,11.73333333,0.3,DHEC
CW-231,5/5/2020,2:17:00 PM,ug/L,7.013333333,0.3,DHEC
CW-033,10/12/2020,11:35:00 AM,ug/L,3.805333333,0.3,DHEC
LCR-02,6/2/2020,1:30:00 PM,ug/L,14.13333333,1.5,DHEC
LCR-03,6/29/2020,11:02:00 AM,ug/L,26,0.3,DHEC
LCR-02,9/24/2020,12:11:00 PM,ug/L,3.834666667,0.3,DHEC
CW-208,7/27/2020,1:10:00 PM,ug/L,38.53333333,2.75,DHEC
LCR-02,8/24/2020,12:23:00 PM,ug/L,4.349333333,0.3,DHEC
RL-02319,6/25/2020,1:05:00 PM,ug/L,11.25333333,0.3,DHEC
CW-208,10/5/2020,12:17:00 PM,ug/L,35.76,0.3,DHEC
CW-208,7/14/2020,12:20:00 PM,ug/L,22.56,0.3,DHEC
CW-208,5/5/2020,12:54:00 PM,ug/L,45.01333333,0.3,DHEC
LCR-04,7/27/2020,10:20:00 AM,ug/L,26.58666667,0.3,DHEC
LCR-03,8/24/2020,11:14:00 AM,ug/L,6.8,0.3,DHEC
LCR-04,8/24/2020,9:05:00 AM,ug/L,26.13333333,0.3,DHEC
CW-207B,6/2/2020,11:42:00 AM,ug/L,25.73333333,3.75,DHEC
LCR-04,6/29/2020,9:07:00 AM,ug/L,25.81333333,3.6,DHEC
CW-016F,8/25/2020,2:26:00 PM,ug/L,3.632,0.3,DHEC
LCR-03,10/20/2020,11:55:00 AM,ug/L,9.493333333,2.15,DHEC
LCR-02,7/14/2020,12:40:00 PM,ug/L,13.2,0.3,DHEC
CW-207,5/12/2020,11:52:00 AM,ug/L,21.30666667,0.3,DHEC
CW-208,8/24/2020,12:00:00 PM,ug/L,38.96,2.75,DHEC
LCR-02,7/13/2020,1:16:00 PM,ug/L,18.10666667,1.5,DHEC
CW-231,7/27/2020,2:13:00 PM,ug/L,2.461333333,0.3,DHEC
CW-208,6/18/2020,1:11:00 PM,ug/L,31.33333333,0.3,DHEC
CW-208,10/20/2020,12:08:00 PM,ug/L,23.28,0.3,DHEC
CW-016F,5/27/2020,11:05:00 AM,ug/L,2.524,0.3,DHEC
LCR-02,10/5/2020,12:57:00 PM,ug/L,6.125333333,1.5,DHEC
CW-231,9/22/2020,1:04:00 PM,ug/L,4.194666667,0.3,DHEC
CW-207B,4/21/2020,11:35:00 AM,ug/L,20.88,1.5,DHEC
LCR-04,9/8/2020,9:58:00 AM,ug/L,19.14666667,3.6,DHEC
CW-231,4/21/2020,1:30:00 PM,ug/L,4.293333333,0.3,DHEC
CW-208,5/5/2020,1:09:00 PM,ug/L,47.06666667,1.5,DHEC
LCR-02,5/19/2020,12:56:00 PM,ug/L,8.08,1.5,DHEC
LCR-02,8/25/2020,12:10:00 PM,ug/L,8.266666667,0.3,DHEC
LCR-04,9/22/2020,9:27:00 AM,ug/L,6.658666667,1.5,DHEC
CW-207B,6/16/2020,11:12:00 AM,ug/L,14.90666667,0.3,DHEC
LCR-04,10/20/2020,9:20:00 AM,ug/L,5.362666667,1.5,DHEC
LCR-02,7/13/2020,9:32:00 AM,ug/L,18.02666667,1.5,DHEC
CW-174,10/12/2020,11:05:00 AM,ug/L,3.056,0.3,DHEC
CW-207,6/18/2020,12:08:00 PM,ug/L,19.76,0.3,DHEC
CW-207B,5/19/2020,10:58:00 AM,ug/L,20,0.3,DHEC
LCR-04,6/2/2020,10:10:00 AM,ug/L,14.26666667,3.6,DHEC
CW-208,8/10/2020,11:54:00 AM,ug/L,46.85333333,2.75,DHEC
LCR-04,5/5/2020,9:39:00 AM,ug/L,15.44,1.5,DHEC
LCR-03,10/20/2020,11:42:00 AM,ug/L,8.581333333,0.3,DHEC
LCR-04,5/5/2020,9:24:00 AM,ug/L,13.2,0.3,DHEC
CW-174,6/25/2020,12:50:00 PM,ug/L,9.866666667,0.3,DHEC
CW-208,9/22/2020,12:14:00 PM,ug/L,45.89333333,1.5,DHEC
CW-208,10/5/2020,12:26:00 PM,ug/L,31.09333333,2.75,DHEC
LCR-04,4/7/2020,10:00:00 AM,ug/L,34.21333333,3.6,DHEC
CW-208,10/27/2020,11:46:00 AM,ug/L,27.76,0.3,DHEC
LCR-03,4/21/2020,12:10:00 PM,ug/L,10.45333333,2.15,DHEC
LCR-04,4/21/2020,9:41:00 AM,ug/L,9.973333333,0.3,DHEC
LCR-02,9/8/2020,1:11:00 PM,ug/L,8.746666667,3.5,DHEC
CW-207B,10/27/2020,11:21:00 AM,ug/L,21.04,0.3,DHEC
LCR-02,10/20/2020,12:50:00 PM,ug/L,4.461333333,3.5,DHEC
CW-057,5/27/2020,11:40:00 AM,ug/L,5.656,0.3,DHEC
CW-207B,4/7/2020,11:26:00 AM,ug/L,48.48,1.5,DHEC
CW-207B,9/24/2020,11:26:00 AM,ug/L,41.52,0.3,DHEC
LCR-04,9/8/2020,9:47:00 AM,ug/L,17.78666667,0.3,DHEC
CW-208,9/22/2020,12:14:00 PM,ug/L,45.89333333,2.75,DHEC
LCR-03,6/2/2020,12:02:00 PM,ug/L,13.14666667,0.3,DHEC
LCR-03,8/24/2020,11:24:00 AM,ug/L,5.824,1.5,DHEC
CW-231,6/2/2020,1:56:00 PM,ug/L,5.786666667,0.3,DHEC
CW-207,9/24/2020,11:21:00 AM,ug/L,25.70666667,0.3,DHEC
LCR-02,8/10/2020,12:22:00 PM,ug/L,9.44,0.3,DHEC
CW-207B,8/24/2020,10:42:00 AM,ug/L,24.64,0.3,DHEC
LCR-02,6/29/2020,12:06:00 PM,ug/L,11.36,0.3,DHEC
LCR-02,7/13/2020,1:16:00 PM,ug/L,18.10666667,3.5,DHEC
LCR-03,9/22/2020,11:53:00 AM,ug/L,6.261333333,1.5,DHEC
LCR-04,5/27/2020,11:28:00 AM,ug/L,12.05333333,0.3,DHEC
LCR-04,7/14/2020,12:27:00 PM,ug/L,14.72,0.3,DHEC
LCR-04,8/10/2020,9:33:00 AM,ug/L,33.32,1.5,DHEC
CW-231,6/18/2020,1:49:00 PM,ug/L,4.762666667,0.3,DHEC
CW-207B,5/19/2020,11:14:00 AM,ug/L,21.89333333,3.75,DHEC
CW-207B,6/16/2020,11:28:00 AM,ug/L,15.73333333,3.75,DHEC
LCR-03,8/10/2020,11:32:00 AM,ug/L,56.34666667,2.15,DHEC
RL-02319,9/14/2020,10:50:00 AM,ug/L,4.168,0.3,DHEC
LCR-04,7/27/2020,10:31:00 AM,ug/L,30.58666667,3.6,DHEC
LCR-02,5/19/2020,12:56:00 PM,ug/L,8.08,3.5,DHEC
CW-207B,5/12/2020,12:02:00 PM,ug/L,25.92,0.3,DHEC
CW-207B,10/20/2020,11:25:00 AM,ug/L,15.57333333,3.75,DHEC
LCR-03,7/27/2020,12:44:00 PM,ug/L,34.02666667,1.5,DHEC
CW-208,10/20/2020,12:19:00 PM,ug/L,23.78666667,1.5,DHEC
LCR-03,5/19/2020,11:32:00 AM,ug/L,10.50666667,0.3,DHEC
CL-089,8/25/2020,10:08:00 AM,ug/L,11.32533333,0.3,DHEC
LCR-04,6/25/2020,3:08:00 PM,ug/L,16.4,0.3,DHEC
CW-208,4/7/2020,12:23:00 PM,ug/L,39.92,2.75,DHEC
LCR-04,10/20/2020,9:20:00 AM,ug/L,5.362666667,3.6,DHEC
LCR-02,10/20/2020,12:50:00 PM,ug/L,4.461333333,1.5,DHEC
LCR-04,10/5/2020,9:52:00 AM,ug/L,11.33333333,1.5,DHEC
CW-207B,7/27/2020,11:57:00 AM,ug/L,20.96,0.3,DHEC
RL-19149,9/14/2020,11:03:00 AM,ug/L,15.46666667,0.3,DHEC
CW-208,10/5/2020,12:26:00 PM,ug/L,31.09333333,1.5,DHEC
LCR-04,6/16/2020,9:28:00 AM,ug/L,11.30666667,0.3,DHEC
LCR-03,9/24/2020,11:41:00 AM,ug/L,21.49333333,0.3,DHEC
RL-02319,5/28/2020,10:46:00 AM,ug/L,2.44,0.3,DHEC
LCR-02,8/24/2020,12:34:00 PM,ug/L,5.264,3.5,DHEC
LCR-03,6/16/2020,12:00:00 PM,ug/L,14.74666667,2.15,DHEC
CW-208,7/27/2020,1:10:00 PM,ug/L,38.53333333,1.5,DHEC
LCR-03,9/8/2020,12:02:00 PM,ug/L,13.04,0.3,DHEC
LCR-02,7/27/2020,1:48:00 PM,ug/L,5.285333333,1.5,DHEC
LCR-02,4/7/2020,1:21:00 PM,ug/L,4.925333333,3.5,DHEC
LCR-04,9/22/2020,9:14:00 AM,ug/L,6.125333333,0.3,DHEC
RL-20198,6/18/2020,11:00:00 AM,ug/L,16.96,0.3,DHEC
LCR-04,5/19/2020,9:23:00 AM,ug/L,18.74666667,0.3,DHEC
LCR-03,5/12/2020,1:06:00 PM,ug/L,23.25333333,0.3,DHEC
CW-231,9/8/2020,1:33:00 PM,ug/L,4.949333333,0.3,DHEC
CW-207B,9/22/2020,11:12:00 AM,ug/L,12.93333333,0.3,DHEC
CW-208,4/7/2020,12:09:00 PM,ug/L,32.26666667,0.3,DHEC
CW-231,6/16/2020,1:20:00 PM,ug/L,6.92,0.3,DHEC
CW-016F,6/25/2020,2:54:00 PM,ug/L,5.522666667,0.3,DHEC
CW-207B,7/13/2020,11:11:00 AM,ug/L,23.86666667,3.75,DHEC
LCR-03,7/14/2020,12:11:00 PM,ug/L,22.05333333,0.3,DHEC
CW-208,9/24/2020,11:49:00 AM,ug/L,40.02666667,0.3,DHEC
LCR-03,8/25/2020,11:44:00 AM,ug/L,31.30666667,0.3,DHEC
LCR-02,5/19/2020,12:42:00 PM,ug/L,7.522666667,0.3,DHEC
CW-208,9/8/2020,12:38:00 PM,ug/L,39.68,2.75,DHEC
CW-207B,6/2/2020,11:42:00 AM,ug/L,25.73333333,1.5,DHEC
LCR-02,4/7/2020,1:07:00 PM,ug/L,3.306666667,0.3,DHEC
LCR-03,6/16/2020,12:00:00 PM,ug/L,14.74666667,1.5,DHEC
LCR-02,8/10/2020,12:31:00 PM,ug/L,13.44,1.5,DHEC
LCR-02,10/5/2020,12:57:00 PM,ug/L,6.125333333,3.5,DHEC
CW-207B,7/14/2020,11:26:00 AM,ug/L,16.96,0.3,DHEC
LCR-03,4/7/2020,11:50:00 AM,ug/L,30,1.5,DHEC
LCR-02,6/2/2020,1:17:00 PM,ug/L,5.76,0.3,DHEC
CW-207B,4/21/2020,11:19:00 AM,ug/L,22.69333333,0.3,DHEC
CW-231,5/12/2020,1:57:00 PM,ug/L,10.72,0.3,DHEC
LCR-03,6/2/2020,12:50:00 PM,ug/L,5.690666667,2.15,DHEC
CW-208,6/2/2020,12:50:00 PM,ug/L,31.38666667,2.75,DHEC
CW-208,9/8/2020,12:28:00 PM,ug/L,34.08,0.3,DHEC
LCR-04,4/21/2020,9:55:00 AM,ug/L,9.866666667,3.6,DHEC
CW-057,9/14/2020,12:34:00 PM,ug/L,15.92,0.3,DHEC
LCR-03,9/22/2020,11:40:00 AM,ug/L,4.642666667,0.3,DHEC
LCR-02,6/29/2020,12:17:00 PM,ug/L,15.41333333,3.5,DHEC
CW-208,6/29/2020,11:43:00 AM,ug/L,41.22666667,1.5,DHEC
CL-089,9/24/2020,9:42:00 AM,ug/L,8.293333333,0.3,DHEC
RL-20198,8/25/2020,10:23:00 AM,ug/L,29.22666667,0.3,DHEC
CW-231,4/7/2020,1:39:00 PM,ug/L,4.72,0.3,DHEC
CW-208,6/16/2020,12:26:00 PM,ug/L,38.88,2.75,DHEC
LCR-02,6/16/2020,1:06:00 PM,ug/L,6.314666667,3.5,DHEC
CW-174,7/14/2020,10:32:00 AM,ug/L,2.536,0.3,DHEC
CW-207B,7/27/2020,12:10:00 PM,ug/L,29.44,3.75,DHEC
LCR-02,5/12/2020,1:41:00 PM,ug/L,14.18666667,0.3,DHEC
CW-208,8/24/2020,11:48:00 AM,ug/L,43.94666667,0.3,DHEC
CW-207B,5/5/2020,11:31:00 AM,ug/L,32.90666667,0.3,DHEC
CW-207B,5/19/2020,11:14:00 AM,ug/L,21.89333333,1.5,DHEC
RL-20198,7/14/2020,10:19:00 AM,ug/L,17.04,0.3,DHEC
RL-20198,9/24/2020,9:58:00 AM,ug/L,34.64,0.3,DHEC
LCR-03,6/29/2020,11:17:00 AM,ug/L,29.86666667,2.15,DHEC
LCR-02,5/5/2020,1:56:00 PM,ug/L,9.866666667,3.5,DHEC
CW-208,6/29/2020,11:43:00 AM,ug/L,41.22666667,2.75,DHEC
LCR-04,7/13/2020,9:20:00 AM,ug/L,24,0.3,DHEC
CW-174,9/14/2020,10:43:00 AM,ug/L,5.16,0.3,DHEC
CW-207B,9/22/2020,11:23:00 AM,ug/L,13.65333333,1.5,DHEC
LCR-03,8/24/2020,11:24:00 AM,ug/L,5.824,2.15,DHEC
CW-207B,10/20/2020,11:25:00 AM,ug/L,15.57333333,1.5,DHEC
CL-089,6/18/2020,10:41:00 AM,ug/L,15.68,0.3,DHEC
CW-057,6/25/2020,3:19:00 PM,ug/L,20.4,0.3,DHEC
CW-208,8/25/2020,11:51:00 AM,ug/L,40.18666667,0.3,DHEC
LCR-02,7/13/2020,9:32:00 AM,ug/L,18.02666667,3.5,DHEC
LCR-02,10/20/2020,12:39:00 PM,ug/L,3.317333333,0.3,DHEC
LCR-03,5/5/2020,12:24:00 PM,ug/L,7.173333333,0.3,DHEC
LCR-03,7/13/2020,11:49:00 AM,ug/L,38.98666667,0.3,DHEC
LCR-03,9/8/2020,12:12:00 PM,ug/L,14.48,2.15,DHEC
CW-231,5/19/2020,1:16:00 PM,ug/L,7.704,0.3,DHEC
CW-207B,9/8/2020,11:42:00 AM,ug/L,25.06666667,1.5,DHEC
LCR-02,9/22/2020,12:48:00 PM,ug/L,4.2,1.5,DHEC
LCR-03,6/18/2020,1:01:00 PM,ug/L,23.97333333,0.3,DHEC
CW-207B,4/7/2020,11:26:00 AM,ug/L,48.48,3.75,DHEC
LCR-03,7/13/2020,12:02:00 PM,ug/L,33.84,2.15,DHEC
LCR-04,5/5/2020,9:39:00 AM,ug/L,15.44,3.6,DHEC
CW-207B,8/10/2020,11:01:00 AM,ug/L,36.10666667,3.75,DHEC
CW-208,9/8/2020,12:38:00 PM,ug/L,39.68,1.5,DHEC
CW-016F,9/14/2020,12:16:00 PM,ug/L,1.850666667,0.3,DHEC
LCR-04,10/12/2020,1:03:00 PM,ug/L,17.70666667,0.3,DHEC
LCR-02,4/21/2020,1:12:00 PM,ug/L,5.226666667,1.5,DHEC
LCR-02,6/18/2020,1:32:00 PM,ug/L,13.81333333,0.3,DHEC
CW-207B,8/24/2020,10:52:00 AM,ug/L,26.85333333,1.5,DHEC
RL-19149,10/12/2020,11:44:00 AM,ug/L,4.68,0.3,DHEC
RL-02319,10/12/2020,11:17:00 AM,ug/L,5.856,0.3,DHEC
CW-057,10/12/2020,1:10:00 PM,ug/L,6.248,0.3,DHEC
LCR-02,4/21/2020,1:12:00 PM,ug/L,5.226666667,3.5,DHEC
LCR-03,8/10/2020,11:32:00 AM,ug/L,56.34666667,1.5,DHEC
LCR-03,10/5/2020,11:55:00 AM,ug/L,34.26666667,0.3,DHEC
LCR-03,10/5/2020,12:05:00 PM,ug/L,34.61333333,2.15,DHEC
CW-207B,10/5/2020,11:39:00 AM,ug/L,7.952,1.5,DHEC
CW-033,5/28/2020,10:56:00 AM,ug/L,3.634666667,0.3,DHEC
CW-207B,4/7/2020,11:10:00 AM,ug/L,37.81333333,0.3,DHEC
CW-207B,7/13/2020,11:11:00 AM,ug/L,23.86666667,1.5,DHEC
LCR-02,5/5/2020,1:40:00 PM,ug/L,9.84,0.3,DHEC
LCR-04,6/16/2020,9:43:00 AM,ug/L,11.89333333,3.6,DHEC
CW-033,8/25/2020,12:53:00 PM,ug/L,13.12,0.3,DHEC
CW-208,6/16/2020,12:13:00 PM,ug/L,29.84,0.3,DHEC
CW-208,6/2/2020,12:50:00 PM,ug/L,31.38666667,1.5,DHEC
LCR-03,8/10/2020,11:21:00 AM,ug/L,40.74666667,0.3,DHEC
CW-208,7/27/2020,12:57:00 PM,ug/L,28,0.3,DHEC
LCR-03,4/21/2020,11:55:00 AM,ug/L,10.72,0.3,DHEC
LCR-03,4/7/2020,11:50:00 AM,ug/L,30,2.15,DHEC
CW-207B,10/5/2020,11:39:00 AM,ug/L,7.952,3.75,DHEC
LCR-03,6/16/2020,11:48:00 AM,ug/L,13.49333333,0.3,DHEC
CW-207,8/25/2020,11:23:00 AM,ug/L,40.18666667,0.3,DHEC
LCR-04,4/21/2020,9:55:00 AM,ug/L,9.866666667,1.5,DHEC
CW-207B,8/10/2020,10:50:00 AM,ug/L,21.57333333,0.3,DHEC
CW-208,10/20/2020,12:19:00 PM,ug/L,23.78666667,2.75,DHEC
LCR-04,8/10/2020,9:33:00 AM,ug/L,33.32,3.6,DHEC
CW-231,10/27/2020,12:18:00 PM,ug/L,2.973333333,0.3,DHEC
CW-231,8/25/2020,12:25:00 PM,ug/L,4.152,0.3,DHEC
LCR-02,4/7/2020,1:21:00 PM,ug/L,4.925333333,1.5,DHEC
CW-208,5/19/2020,11:59:00 AM,ug/L,17.70666667,0.3,DHEC
CW-231,7/13/2020,1:38:00 PM,ug/L,11.06666667,0.3,DHEC
LCR-04,9/8/2020,9:58:00 AM,ug/L,19.14666667,1.5,DHEC
LCR-04,6/29/2020,8:54:00 AM,ug/L,22.72,0.3,DHEC
CW-208,6/16/2020,12:26:00 PM,ug/L,38.88,1.5,DHEC
RL-19149,5/28/2020,11:10:00 AM,ug/L,4.114666667,0.3,DHEC
LCR-02,6/16/2020,1:06:00 PM,ug/L,6.314666667,1.5,DHEC
CW-207B,4/21/2020,11:35:00 AM,ug/L,20.88,3.75,DHEC
CW-208,4/21/2020,12:34:00 PM,ug/L,25.86666667,1.5,DHEC
LCR-03,5/5/2020,12:39:00 PM,ug/L,7.813333333,1.5,DHEC
CW-033,7/14/2020,10:50:00 AM,ug/L,13.94666667,0.3,DHEC
LCR-02,7/13/2020,1:04:00 PM,ug/L,23.86666667,0.3,DHEC
CW-016F,10/12/2020,12:53:00 PM,ug/L,3.981333333,0.3,DHEC
CW-208,8/24/2020,12:00:00 PM,ug/L,38.96,1.5,DHEC
CW-207B,6/29/2020,10:37:00 AM,ug/L,26.08,1.5,DHEC
LCR-03,10/20/2020,11:55:00 AM,ug/L,9.493333333,1.5,DHEC
CW-208,6/2/2020,12:36:00 PM,ug/L,34.10666667,0.3,DHEC
CW-208,4/21/2020,12:22:00 PM,ug/L,25.28,0.3,DHEC
CW-207B,6/16/2020,11:28:00 AM,ug/L,15.73333333,1.5,DHEC
RL-20198,10/27/2020,10:09:00 AM,ug/L,23.44,0.3,DHEC
LCR-02,9/8/2020,1:03:00 PM,ug/L,8.186666667,0.3,DHEC
CW-033,9/14/2020,10:57:00 AM,ug/L,10.37333333,0.3,DHEC
LCR-02,7/27/2020,1:37:00 PM,ug/L,6.088,0.3,DHEC
CW-057,8/25/2020,2:47:00 PM,ug/L,17.12,0.3,DHEC
CW-207B,6/29/2020,10:23:00 AM,ug/L,25.84,0.3,DHEC
RL-19149,6/25/2020,1:27:00 PM,ug/L,15.57333333,0.3,DHEC
LCR-04,5/19/2020,9:39:00 AM,ug/L,20.42666667,1.5,DHEC
LCR-03,5/19/2020,11:46:00 AM,ug/L,12.24,1.5,DHEC
LCR-02,9/22/2020,12:48:00 PM,ug/L,4.2,3.5,DHEC
LCR-04,10/5/2020,9:52:00 AM,ug/L,11.33333333,3.6,DHEC
LCR-03,10/5/2020,12:05:00 PM,ug/L,34.61333333,1.5,DHEC
LCR-04,8/24/2020,9:16:00 AM,ug/L,15.44,3.6,DHEC
CL-089,5/12/2020,10:34:00 AM,ug/L,23.97333333,0.3,DHEC
CW-208,4/7/2020,12:23:00 PM,ug/L,39.92,1.5,DHEC
CW-208,4/21/2020,12:34:00 PM,ug/L,25.86666667,2.75,DHEC
CW-016F,7/14/2020,12:16:00 PM,ug/L,1.952,0.3,DHEC
CW-207B,8/25/2020,11:27:00 AM,ug/L,34.72,0.3,DHEC
CW-231,6/29/2020,12:38:00 PM,ug/L,8.4,0.3,DHEC
LCR-02,8/10/2020,12:31:00 PM,ug/L,13.44,3.5,DHEC
LCR-02,9/8/2020,1:11:00 PM,ug/L,8.746666667,1.5,DHEC
CW-207B,8/24/2020,10:52:00 AM,ug/L,26.85333333,3.75,DHEC
CW-208,5/19/2020,12:13:00 PM,ug/L,19.81333333,1.5,DHEC
CW-207B,6/2/2020,11:28:00 AM,ug/L,22.88,0.3,DHEC
LCR-04,10/20/2020,9:08:00 AM,ug/L,4.616,0.3,DHEC
LCR-03,10/27/2020,11:34:00 AM,ug/L,20.16,0.3,DHEC
LCR-04,9/14/2020,12:28:00 PM,ug/L,16.98666667,0.3,DHEC
LCR-03,6/29/2020,11:17:00 AM,ug/L,29.86666667,1.5,DHEC
LCR-04,4/7/2020,9:40:00 AM,ug/L,32.72,0.3,DHEC
LCR-03,4/21/2020,12:10:00 PM,ug/L,10.45333333,1.5,DHEC
LCR-04,8/24/2020,9:16:00 AM,ug/L,15.44,1.5,DHEC
CW-207B,10/20/2020,11:12:00 AM,ug/L,7.690666667,0.3,DHEC
LCR-04,6/2/2020,9:54:00 AM,ug/L,14.13333333,0.3,DHEC
CW-208,8/10/2020,11:44:00 AM,ug/L,25.81333333,0.3,DHEC
LCR-04,6/2/2020,10:10:00 AM,ug/L,14.26666667,1.5,DHEC
CW-207B,7/13/2020,10:59:00 AM,ug/L,26.85333333,0.3,DHEC
LCR-04,8/25/2020,2:36:00 PM,ug/L,37.76,0.3,DHEC
RL-19149,7/14/2020,10:57:00 AM,ug/L,16.16,0.3,DHEC
CW-207B,9/22/2020,11:23:00 AM,ug/L,13.65333333,3.75,DHEC
LCR-02,9/22/2020,12:35:00 PM,ug/L,3.077333333,0.3,DHEC
LCR-03,5/5/2020,12:39:00 PM,ug/L,7.813333333,2.15,DHEC
CW-208,5/19/2020,12:13:00 PM,ug/L,19.81333333,2.75,DHEC
CW-208,5/12/2020,1:17:00 PM,ug/L,17.52,0.3,DHEC
LCR-03,6/2/2020,12:50:00 PM,ug/L,5.690666667,1.5,DHEC
LCR-03,7/27/2020,12:44:00 PM,ug/L,34.02666667,2.15,DHEC
CW-208,7/13/2020,12:39:00 PM,ug/L,21.22666667,1.5,DHEC
LCR-03,9/8/2020,12:12:00 PM,ug/L,14.48,1.5,DHEC
CW-208,9/22/2020,12:03:00 PM,ug/L,41.12,0.3,DHEC
LCR-03,4/7/2020,11:44:00 AM,ug/L,23.12,0.3,DHEC
LCR-03,5/19/2020,11:46:00 AM,ug/L,12.24,2.15,DHEC
LCR-04,10/5/2020,9:40:00 AM,ug/L,8.258666667,0.3,DHEC
LCR-04,8/10/2020,9:23:00 AM,ug/L,28.69333333,0.3,DHEC
CW-207B,8/10/2020,11:01:00 AM,ug/L,36.10666667,1.5,DHEC
RL-19149,8/25/2020,1:05:00 PM,ug/L,38.29333333,0.3,DHEC
LCR-02,5/5/2020,1:56:00 PM,ug/L,9.866666667,1.5,DHEC
CW-231,10/20/2020,1:06:00 PM,ug/L,4.029333333,0.3,DHEC
LCR-02,4/21/2020,12:58:00 PM,ug/L,4.266666667,0.3,DHEC
LCR-02,10/27/2020,12:05:00 PM,ug/L,4.074666667,0.3,DHEC
LCR-04,6/29/2020,9:07:00 AM,ug/L,25.81333333,1.5,DHEC
LCR-02,6/16/2020,12:53:00 PM,ug/L,5.229333333,0.3,DHEC
LCR-04,4/7/2020,10:00:00 AM,ug/L,34.21333333,1.5,DHEC
CW-207B,10/5/2020,11:27:00 AM,ug/L,9.92,0.3,DHEC
CL-089,7/14/2020,10:03:00 AM,ug/L,21.57333333,0.3,DHEC
LCR-02,6/2/2020,1:30:00 PM,ug/L,14.13333333,3.5,DHEC
CW-208,8/10/2020,11:54:00 AM,ug/L,46.85333333,1.5,DHEC
CW-208,7/13/2020,12:29:00 PM,ug/L,32.21333333,0.3,DHEC
CW-207B,6/18/2020,12:15:00 PM,ug/L,20.50666667,0.3,DHEC
LCR-04,6/16/2020,9:43:00 AM,ug/L,11.89333333,1.5,DHEC
CW-207B,6/29/2020,10:37:00 AM,ug/L,26.08,3.75,DHEC
CW-231,8/24/2020,12:51:00 PM,ug/L,5.557333333,0.3,DHEC
RL-02319,7/14/2020,10:42:00 AM,ug/L,12.85333333,0.3,DHEC
CW-207,10/27/2020,11:16:00 AM,ug/L,11.04,0.3,DHEC
LCR-02,7/27/2020,1:48:00 PM,ug/L,5.285333333,3.5,DHEC
LCR-02,10/14/2021,11:52:00 AM,ug/L,5.5,0.3,DHEC
RL-21210,7/22/2021,10:37:00 AM,ug/L,3,0.3,DHEC
LCR-04,7/22/2021,11:03:00 AM,ug/L,18.2,0.3,DHEC
CW-207,9/15/2021,11:42:00 AM,ug/L,17.7,0.3,DHEC
LCR-03,6/29/2021,11:29:00 AM,ug/L,18,0.3,DHEC
CL-089,10/14/2021,10:25:00 AM,ug/L,21.8,0.3,DHEC
RL-21210,8/24/2021,12:25:00 PM,ug/L,3.6,0.3,DHEC
CW-174,6/15/2021,11:52:00 AM,ug/L,32,0.3,DHEC
CW-016F,7/22/2021,10:30:00 AM,ug/L,4.4,0.3,DHEC
CW-057,5/13/2021,1:05:00 PM,ug/L,11.6,0.3,DHEC
CL-089,8/4/2021,10:32:00 AM,ug/L,16.4,0.3,DHEC
LCR-04,10/18/2021,3:33:00 PM,ug/L,12.5,0.3,DHEC
CW-207B,9/15/2021,11:31:00 AM,ug/L,18.8,0.3,DHEC
CW-207B,10/14/2021,11:02:00 AM,ug/L,56.9,0.3,DHEC
CW-016F,9/14/2021,10:07:00 AM,ug/L,20,0.3,DHEC
CW-033,9/14/2021,12:28:00 PM,ug/L,22.5,0.3,DHEC
LCR-03,9/15/2021,11:57:00 AM,ug/L,30.9,0.3,DHEC
CW-207,8/4/2021,11:12:00 AM,ug/L,17.2,0.3,DHEC
CW-057,8/24/2021,1:02:00 PM,ug/L,40.1,0.3,DHEC
LCR-04,6/17/2021,12:25:00 PM,ug/L,17.7,0.3,DHEC
CW-174,9/14/2021,12:02:00 PM,ug/L,5.2,0.3,DHEC
CW-231,6/15/2021,10:09:00 AM,ug/L,11.9,0.3,DHEC
CW-033,5/13/2021,10:56:00 AM,ug/L,5.1,0.3,DHEC
RL-21277,9/14/2021,12:14:00 PM,ug/L,7.7,0.3,DHEC
CW-033,8/24/2021,10:52:00 AM,ug/L,23.3,0.3,DHEC
CW-231,7/22/2021,11:52:00 AM,ug/L,10.1,0.3,DHEC
CW-033,10/14/2021,12:40:00 PM,ug/L,10.7,0.3,DHEC
CW-208,6/29/2021,11:47:00 AM,ug/L,23.4,0.3,DHEC
CW-208,10/14/2021,11:35:00 AM,ug/L,61.6,0.3,DHEC
CW-174,10/14/2021,12:19:00 PM,ug/L,4.2,0.3,DHEC
CW-016F,10/18/2021,2:59:00 PM,ug/L,2.9,0.3,DHEC
LCR-03,10/14/2021,11:24:00 AM,ug/L,30.9,0.3,DHEC
CW-208,9/15/2021,12:08:00 PM,ug/L,37.6,0.3,DHEC
RL-21218,6/29/2021,10:55:00 AM,ug/L,18.4,0.3,DHEC
CW-174,5/13/2021,10:45:00 AM,ug/L,4.1,0.3,DHEC
CW-231,8/24/2021,10:00:00 AM,ug/L,9.5,0.3,DHEC
LCR-02,8/4/2021,11:55:00 AM,ug/L,15.1,0.3,DHEC
RL-21226,6/17/2021,12:08:00 PM,ug/L,5.5,0.3,DHEC
CW-207B,5/19/2021,11:53:00 AM,ug/L,21.4,0.3,DHEC
RL-21210,10/18/2021,3:19:00 PM,ug/L,3.1,0.3,DHEC
CW-057,7/22/2021,11:12:00 AM,ug/L,18.6,0.3,DHEC
RL-21226,8/24/2021,12:35:00 PM,ug/L,5.7,0.3,DHEC
LCR-02,6/29/2021,12:05:00 PM,ug/L,17.7,0.3,DHEC
CW-057,10/18/2021,3:40:00 PM,ug/L,18.3,0.3,DHEC
RL-21277,7/22/2021,12:21:00 PM,ug/L,17.9,0.3,DHEC
CW-174,7/22/2021,12:30:00 PM,ug/L,7.1,0.3,DHEC
CL-089,9/15/2021,10:54:00 AM,ug/L,7.9,0.3,DHEC
CW-016F,8/24/2021,12:14:00 PM,ug/L,3.3,0.3,DHEC
LCR-04,9/14/2021,10:42:00 AM,ug/L,21.4,0.3,DHEC
RL-21210,8/24/2021,12:25:00 PM,ug/L,3.5,0.3,DHEC
CW-207,6/29/2021,11:14:00 AM,ug/L,18.3,0.3,DHEC
CW-016F,10/18/2021,2:59:00 PM,ug/L,2.6,0.3,DHEC
CW-033,6/15/2021,12:03:00 PM,ug/L,17.3,0.3,DHEC
CW-033,7/22/2021,12:43:00 PM,ug/L,17.5,0.3,DHEC
CL-089,8/4/2021,10:32:00 AM,ug/L,17,0.3,DHEC
CW-208,8/4/2021,11:29:00 AM,ug/L,18.5,0.3,DHEC
CW-016F,6/17/2021,11:54:00 AM,ug/L,3.6,0.3,DHEC
LCR-02,9/15/2021,12:26:00 PM,ug/L,27.2,0.3,DHEC
CW-016F,5/13/2021,12:25:00 PM,ug/L,4.2,0.3,DHEC
RL-21218,10/14/2021,10:52:00 AM,ug/L,18.9,0.3,DHEC
RL-21218,8/4/2021,10:55:00 AM,ug/L,17.8,0.3,DHEC
RL-21218,5/19/2021,11:32:00 AM,ug/L,18,0.3,DHEC
CL-089,6/29/2021,10:33:00 AM,ug/L,11.7,0.3,DHEC
LCR-03,8/4/2021,11:40:00 AM,ug/L,17.5,0.3,DHEC
CL-089,6/29/2021,10:33:00 AM,ug/L,12.1,0.3,DHEC
RL-21277,6/15/2021,11:40:00 AM,ug/L,26.2,0.3,DHEC
RL-21277,10/14/2021,12:31:00 PM,ug/L,4.3,0.3,DHEC
RL-21210,9/14/2021,10:18:00 AM,ug/L,16.9,0.3,DHEC
CW-174,8/24/2021,10:40:00 AM,ug/L,8.1,0.3,DHEC
LCR-04,5/13/2021,12:56:00 PM,ug/L,18,0.3,DHEC
RL-21210,6/17/2021,12:00:00 PM,ug/L,3.8,0.3,DHEC
CW-057,7/22/2021,11:12:00 AM,ug/L,18.8,0.3,DHEC
RL-21210,5/13/2021,12:35:00 PM,ug/L,5,0.3,DHEC
CW-207B,6/29/2021,11:08:00 AM,ug/L,18.7,0.3,DHEC
CW-057,9/14/2021,10:51:00 AM,ug/L,13.3,0.3,DHEC
CW-207,5/19/2021,12:00:00 PM,ug/L,17.9,0.3,DHEC
LCR-04,8/24/2021,12:51:00 PM,ug/L,24,0.3,DHEC
RL-21277,5/13/2021,10:36:00 AM,ug/L,4,0.3,DHEC
CW-033,5/13/2021,10:56:00 AM,ug/L,5.6,0.3,DHEC
CW-207B,8/4/2021,11:05:00 AM,ug/L,14.1,0.3,DHEC
LCR-04,6/17/2021,12:25:00 PM,ug/L,17.9,0.3,DHEC
RL-21226,9/14/2021,10:29:00 AM,ug/L,17.5,0.3,DHEC
RL-21277,8/24/2021,10:31:00 AM,ug/L,7.9,0.3,DHEC
LCR-03,5/19/2021,12:25:00 PM,ug/L,22.3,0.3,DHEC
RL-21277,7/22/2021,12:21:00 PM,ug/L,18,0.3,DHEC
CL-089,10/14/2021,10:25:00 AM,ug/L,23.2,0.3,DHEC
CW-207B,5/19/2021,11:53:00 AM,ug/L,20.8,0.3,DHEC
CW-231,10/14/2021,11:21:00 AM,ug/L,4.6,0.3,DHEC
CW-231,5/13/2021,10:05:00 AM,ug/L,4.8,0.3,DHEC
LCR-02,5/19/2021,12:52:00 PM,ug/L,12.4,0.3,DHEC
RL-21226,7/22/2021,10:46:00 AM,ug/L,4.8,0.3,DHEC
CW-208,5/19/2021,12:15:00 PM,ug/L,28.6,0.3,DHEC
CW-057,6/17/2021,12:34:00 PM,ug/L,27.5,0.3,DHEC
RL-21226,10/18/2021,3:10:00 PM,ug/L,3.8,0.3,DHEC
RL-21226,5/13/2021,12:42:00 PM,ug/L,3.8,0.3,DHEC
CL-089,9/15/2021,10:54:00 AM,ug/L,8.5,0.3,DHEC
CL-089,5/19/2021,11:03:00 AM,ug/L,18.1,0.3,DHEC
RL-21277,8/24/2021,10:31:00 AM,ug/L,7.2,0.3,DHEC
RL-21218,9/15/2021,11:18:00 AM,ug/L,28.2,0.3,DHEC
CW-207,10/14/2021,11:12:00 AM,ug/L,46,0.3,DHEC
CW-033,6/15/2021,12:03:00 PM,ug/L,17.4,0.3,DHEC
WA-DW-1,5/11/2022,9:50:00 AM,ug/L,18.21,0.3,DHEC
CW-016F,9/28/2022,10:43:00 AM,ug/L,4.3,0.3,DHEC
CW-174,7/14/2022,1:04:00 PM,ug/L,2.67,0.3,DHEC
CW-711,9/21/2022,9:45:00 AM,ug/L,34.05,0.3,DHEC
CW-711,10/12/2022,9:30:00 AM,ug/L,16.35,0.3,DHEC
LCR-02,6/29/2022,11:24:00 AM,ug/L,37.52,0.3,DHEC
CW-207B,8/17/2022,12:03:00 PM,ug/L,22.61,0.3,DHEC
CW-231,9/28/2022,12:18:00 PM,ug/L,8.85,0.3,DHEC
CW-057,6/23/2022,11:16:00 AM,ug/L,19.17,0.3,DHEC
RL-22105,7/14/2022,1:19:00 PM,ug/L,26.83,0.3,DHEC
CW-208,10/18/2022,1:17:00 PM,ug/L,27.07,0.3,DHEC
RL-22013,8/11/2022,11:13:00 AM,ug/L,26.29,0.3,DHEC
LCR-02,5/11/2022,11:55:00 AM,ug/L,17.76,0.3,DHEC
CW-174,6/23/2022,12:32:00 PM,ug/L,3.82,0.3,DHEC
CW-207B,6/29/2022,10:45:00 AM,ug/L,15.92,0.3,DHEC
RL-22013,9/28/2022,11:00:00 AM,ug/L,8.01,0.3,DHEC
RL-22011,9/21/2022,10:21:00 AM,ug/L,24.16,0.3,DHEC
LCR-04,10/19/2022,11:04:00 AM,ug/L,14.53,0.3,DHEC
CW-057,7/14/2022,11:33:00 AM,ug/L,25.07,0.3,DHEC
CL-089,5/11/2022,10:50:00 AM,ug/L,20.19,0.3,DHEC
CW-208,7/26/2022,12:33:00 PM,ug/L,22.13,0.3,DHEC
RL-22011,5/11/2022,11:05:00 AM,ug/L,21.6,0.3,DHEC
RL-22011,10/18/2022,10:04:00 AM,ug/L,17.25,0.3,DHEC
WA-DW-2,5/11/2022,10:04:00 AM,ug/L,16.45,0.3,DHEC
WA-DW-2,6/21/2022,9:10:00 AM,ug/L,16.48,0.3,DHEC
LCR-02,8/17/2022,1:21:00 PM,ug/L,11.2,0.3,DHEC
CW-711,8/16/2022,10:41:00 AM,ug/L,10.27,0.3,DHEC
CW-016F,7/14/2022,10:55:00 AM,ug/L,58.21,0.3,DHEC
CW-016F,10/19/2022,10:42:00 AM,ug/L,2.74,0.3,DHEC
RL-22011,7/26/2022,10:16:00 AM,ug/L,10.99,0.3,DHEC
CW-231,7/14/2022,12:32:00 PM,ug/L,10.19,0.3,DHEC
RL-22011,6/29/2022,12:24:00 PM,ug/L,18.85,0.3,DHEC
RL-22105,10/20/2022,3:30:00 PM,ug/L,7.49,0.3,DHEC
CL-089,7/26/2022,10:04:00 AM,ug/L,9.23,0.3,DHEC
WA-DW-1,10/12/2022,9:30:00 AM,ug/L,16.35,0.3,DHEC
CW-033,10/20/2022,3:24:00 PM,ug/L,8.69,0.3,DHEC
CW-712,5/11/2022,10:04:00 AM,ug/L,16.45,0.3,DHEC
CW-231,8/11/2022,12:20:00 PM,ug/L,5.94,0.3,DHEC
CW-207B,10/18/2022,12:09:00 PM,ug/L,20.11,0.3,DHEC
RL-22013,8/11/2022,11:13:00 AM,ug/L,27.09,0.3,DHEC
CW-712,8/16/2022,10:25:00 AM,ug/L,12.77,0.3,DHEC
CW-207B,9/21/2022,10:38:00 AM,ug/L,27.36,0.3,DHEC
CW-231,10/19/2022,11:58:00 AM,ug/L,4.21,0.3,DHEC
CW-057,9/28/2022,11:24:00 AM,ug/L,21.17,0.3,DHEC
WA-DW-2,8/16/2022,10:25:00 AM,ug/L,12.77,0.3,DHEC
RL-22105,8/11/2022,1:25:00 PM,ug/L,27.63,0.3,DHEC
CW-174,9/28/2022,12:50:00 PM,ug/L,12.99,0.3,DHEC
CW-033,6/23/2022,12:39:00 PM,ug/L,18.27,0.3,DHEC
CW-174,7/14/2022,1:04:00 PM,ug/L,2.37,0.3,DHEC
CW-174,8/11/2022,1:09:00 PM,ug/L,3.32,0.3,DHEC
CW-208,9/21/2022,10:55:00 AM,ug/L,34.61,0.3,DHEC
RL-22013,6/23/2022,11:04:00 AM,ug/L,19.57,0.3,DHEC
LCR-02,9/21/2022,11:12:00 AM,ug/L,19.25,0.3,DHEC
CW-033,8/11/2022,1:18:00 PM,ug/L,24.03,0.3,DHEC
LCR-04,7/14/2022,11:19:00 AM,ug/L,42.77,0.3,DHEC
LCR-02,10/18/2022,1:34:00 PM,ug/L,5.77,0.3,DHEC
CW-174,10/20/2022,3:15:00 PM,ug/L,5.04,0.3,DHEC
CL-089,10/18/2022,10:50:00 AM,ug/L,15.63,0.3,DHEC
CW-712,10/12/2022,9:42:00 AM,ug/L,12.16,0.3,DHEC
CW-057,10/19/2022,11:12:00 AM,ug/L,14.03,0.3,DHEC
WA-DW-1,6/21/2022,8:58:00 AM,ug/L,17.24,0.3,DHEC
CW-174,9/28/2022,12:50:00 PM,ug/L,11.71,0.3,DHEC
CL-089,7/26/2022,10:04:00 AM,ug/L,10.67,0.3,DHEC
CW-712,7/26/2022,9:39:00 AM,ug/L,20.35,0.3,DHEC
CW-712,9/21/2022,9:55:00 AM,ug/L,25.84,0.3,DHEC
CL-089,5/11/2022,10:50:00 AM,ug/L,19.28,0.3,DHEC
CW-016F,8/11/2022,10:57:00 AM,ug/L,5.98,0.3,DHEC
CL-089,9/21/2022,10:05:00 AM,ug/L,24.69,0.3,DHEC
CW-208,5/11/2022,11:39:00 AM,ug/L,40.53,0.3,DHEC
LCR-04,6/23/2022,11:09:00 AM,ug/L,32.69,0.3,DHEC
WA-DW-2,9/21/2022,9:55:00 AM,ug/L,25.84,0.3,DHEC
WA-DW-2,7/26/2022,9:39:00 AM,ug/L,20.35,0.3,DHEC
CL-089,8/17/2022,10:52:00 AM,ug/L,12.48,0.3,DHEC
LCR-04,9/28/2022,11:10:00 AM,ug/L,20.08,0.3,DHEC
CW-016F,6/23/2022,10:47:00 AM,ug/L,14,0.3,DHEC
CL-089,6/29/2022,10:21:00 AM,ug/L,20.48,0.3,DHEC
LCR-02,10/18/2022,1:34:00 PM,ug/L,5.65,0.3,DHEC
CW-207B,5/11/2022,11:23:00 AM,ug/L,17.32,0.3,DHEC
CL-089,8/17/2022,10:52:00 AM,ug/L,12.99,0.3,DHEC
WA-DW-1,9/21/2022,9:45:00 AM,ug/L,34.05,0.3,DHEC
CW-208,6/29/2022,11:08:00 AM,ug/L,15.6,0.3,DHEC
CW-711,5/11/2022,9:50:00 AM,ug/L,18.21,0.3,DHEC
RL-22105,6/23/2022,12:45:00 PM,ug/L,13.76,0.3,DHEC
RL-22013,7/14/2022,11:10:00 AM,ug/L,50.21,0.3,DHEC
WA-DW-2,10/12/2022,9:42:00 AM,ug/L,12.16,0.3,DHEC
CW-712,6/21/2022,9:10:00 AM,ug/L,16.48,0.3,DHEC
CW-231,6/23/2022,11:58:00 AM,ug/L,6.14,0.3,DHEC
CW-207B,7/26/2022,11:33:00 AM,ug/L,33.84,0.3,DHEC
CW-033,9/28/2022,12:54:00 PM,ug/L,13.73,0.3,DHEC
CW-711,6/21/2022,8:58:00 AM,ug/L,17.24,0.3,DHEC
CW-057,8/11/2022,11:33:00 AM,ug/L,19.84,0.3,DHEC
RL-22105,9/28/2022,1:06:00 PM,ug/L,13.49,0.3,DHEC
RL-22013,10/19/2022,10:51:00 AM,ug/L,11.6,0.3,DHEC
LCR-02,6/29/2022,11:24:00 AM,ug/L,61.01,0.3,DHEC
CW-033,7/14/2022,1:15:00 PM,ug/L,26.27,0.3,DHEC
WA-DW-1,8/16/2022,10:41:00 AM,ug/L,10.27,0.3,DHEC
LCR-02,7/26/2022,12:52:00 PM,ug/L,22.35,0.3,DHEC
WA-DW-1,7/26/2022,9:26:00 AM,ug/L,7.77,0.3,DHEC
RL-22011,8/17/2022,11:04:00 AM,ug/L,12.21,0.3,DHEC
CW-208,8/17/2022,1:05:00 PM,ug/L,39.28,0.3,DHEC
CW-711,7/26/2022,9:26:00 AM,ug/L,7.77,0.3,DHEC
RL-23116,6/7/2023,11:01:00 AM,ug/L,19.84,0.3,DHEC
CW-207B,5/24/2023,11:26:00 AM,ug/L,21.63,0.3,DHEC
CW-033,5/4/2023,10:02:00 AM,ug/L,9.92,0.3,DHEC
CL-089,5/24/2023,10:42:00 AM,ug/L,19.52,0.3,DHEC
CW-208,6/14/2023,11:11:00 AM,ug/L,42.88,0.3,DHEC
CL-089,6/14/2023,10:16:00 AM,ug/L,21.28,0.3,DHEC
CW-016F,5/4/2023,11:26:00 AM,ug/L,9.84,0.3,DHEC
CW-231,6/7/2023,10:12:00 AM,ug/L,7.96,0.3,DHEC
LCR-02,6/14/2023,11:27:00 AM,ug/L,19.55,0.3,DHEC
CW-174,5/4/2023,9:54:00 AM,ug/L,10.43,0.3,DHEC
RL-23045,5/24/2023,11:18:00 AM,ug/L,20.03,0.3,DHEC
LCR-02,5/24/2023,12:13:00 PM,ug/L,26.93,0.3,DHEC
RL-23120,5/4/2023,10:13:00 AM,ug/L,16.59,0.3,DHEC
CW-174,6/7/2023,10:44:00 AM,ug/L,3.98,0.3,DHEC
CW-033,6/7/2023,10:53:00 AM,ug/L,32.69,0.3,DHEC
RL-23116,5/4/2023,10:05:00 AM,ug/L,11.49,0.3,DHEC
CW-057,5/4/2023,11:41:00 AM,ug/L,24.51,0.3,DHEC
CW-231,5/4/2023,9:27:00 AM,ug/L,10.37,0.3,DHEC
RL-23120,6/7/2023,11:10:00 AM,ug/L,37.89,0.3,DHEC
CW-016F,6/7/2023,12:22:00 PM,ug/L,4.13,0.3,DHEC
CW-057,6/7/2023,12:38:00 PM,ug/L,41.36,0.3,DHEC
RL-23029,6/14/2023,10:59:00 AM,ug/L,42.67,0.3,DHEC
RL-23029,5/24/2023,11:41:00 AM,ug/L,27.95,0.3,DHEC
CW-208,5/24/2023,11:56:00 AM,ug/L,52.77,0.3,DHEC
CW-207B,6/14/2023,10:49:00 AM,ug/L,24.19,0.3,DHEC
RL-23045,6/14/2023,10:37:00 AM,ug/L,20.64,0.3,DHEC
CW-057,9/7/2023,1:32:00 PM,ug/L,24.21,0.3,DHEC
CW-207B,8/16/2023,12:09:00 PM,ug/L,23.73,0.3,DHEC
CL-089,8/16/2023,11:14:00 AM,ug/L,19.2,0.3,DHEC
CW-016F,7/12/2023,1:41:00 PM,ug/L,9.87,0.3,DHEC
CW-033,9/7/2023,11:37:00 AM,ug/L,33.01,0.3,DHEC
RL-23116,7/12/2023,12:06:00 PM,ug/L,20.27,0.3,DHEC
RL-23045,7/20/2023,11:38:00 AM,ug/L,18.4,0.3,DHEC
CW-208,9/19/2023,12:53:00 PM,ug/L,27.15,0.3,DHEC
LCR-02,8/16/2023,1:02:00 PM,ug/L,13.31,0.3,DHEC
CL-089,7/20/2023,10:57:00 AM,ug/L,20.99,0.3,DHEC
CW-231,9/7/2023,10:42:00 AM,ug/L,4.67,0.3,DHEC
RL-23116,9/7/2023,11:43:00 AM,ug/L,28.77,0.3,DHEC
CW-207B,7/20/2023,11:55:00 AM,ug/L,17.97,0.3,DHEC
CW-016F,9/7/2023,1:09:00 PM,ug/L,9.71,0.3,DHEC
RL-23029,9/19/2023,12:38:00 PM,ug/L,10.53,0.3,DHEC
RL-23116,8/2/2023,12:16:00 PM,ug/L,26.56,0.3,DHEC
CL-089,9/19/2023,11:42:00 AM,ug/L,13.15,0.3,DHEC
LCR-02,9/19/2023,1:07:00 PM,ug/L,7.05,0.3,DHEC
CW-174,9/7/2023,11:18:00 AM,ug/L,2.63,0.3,DHEC
CW-231,7/12/2023,11:13:00 AM,ug/L,9.44,0.3,DHEC
LCR-02,7/20/2023,12:39:00 PM,ug/L,15.31,0.3,DHEC
CW-016F,8/2/2023,1:39:00 PM,ug/L,7.51,0.3,DHEC
CW-057,7/12/2023,2:02:00 PM,ug/L,21.07,0.3,DHEC
CW-033,8/2/2023,12:05:00 PM,ug/L,25.07,0.3,DHEC
RL-23120,8/2/2023,12:26:00 PM,ug/L,23.95,0.3,DHEC
CW-033,7/12/2023,11:58:00 AM,ug/L,23.17,0.3,DHEC
RL-23120,7/12/2023,12:23:00 PM,ug/L,22.29,0.3,DHEC
RL-23045,9/19/2023,12:14:00 PM,ug/L,13.92,0.3,DHEC
CW-174,7/12/2023,11:45:00 AM,ug/L,3.9,0.3,DHEC
RL-23029,8/16/2023,12:24:00 PM,ug/L,15.63,0.3,DHEC
RL-23120,9/7/2023,11:52:00 AM,ug/L,12.03,0.3,DHEC
CW-057,8/2/2023,1:56:00 PM,ug/L,36.4,0.3,DHEC
CW-208,8/16/2023,12:43:00 PM,ug/L,30.21,0.3,DHEC
CW-208,7/20/2023,12:21:00 PM,ug/L,18.59,0.3,DHEC
RL-23045,8/16/2023,11:57:00 AM,ug/L,17.87,0.3,DHEC
CW-174,8/2/2023,11:51:00 AM,ug/L,2.81,0.3,DHEC
RL-23029,7/20/2023,12:07:00 PM,ug/L,17.79,0.3,DHEC
CW-207B,9/19/2023,12:24:00 PM,ug/L,26.53,0.3,DHEC
CW-231,8/2/2023,11:19:00 AM,ug/L,3.88,0.3,DHEC
RL-23116,10/10/2023,10:18:00 AM,ug/L,8.48,0.3,DHEC
CL-089,10/10/2023,11:09:00 AM,ug/L,8.43,0.3,DHEC
RL-23029,10/10/2023,12:07:00 PM,ug/L,22.99,0.3,DHEC
CW-207B,10/10/2023,11:51:00 AM,ug/L,20.72,0.3,DHEC
CW-174,10/10/2023,10:05:00 AM,ug/L,1.57,0.3,DHEC
CW-033,10/10/2023,10:13:00 AM,ug/L,7.06,0.3,DHEC
CW-208,10/10/2023,12:21:00 PM,ug/L,26.05,0.3,DHEC
CW-057,10/10/2023,11:58:00 AM,ug/L,8.85,0.3,DHEC
LCR-02,10/10/2023,12:39:00 PM,ug/L,11.6,0.3,DHEC
RL-23045,10/10/2023,11:39:00 AM,ug/L,21.09,0.3,DHEC
RL-23120,10/10/2023,10:24:00 AM,ug/L,11.49,0.3,DHEC
CW-016F,10/10/2023,11:38:00 AM,ug/L,4.13,0.3,DHEC
CW-231,10/10/2023,9:36:00 AM,ug/L,6.28,0.3,DHEC
CW-014,5/2/2017,8:00:00 AM,ug/L,3.817254902,0.3,lowcarb
CW-041,5/2/2017,1:04:00 PM,ug/L,3.596,0.3,lowcarb
CW-016,5/3/2017,12:45:00 PM,ug/L,2.107189542,0.5,lowcarb
CW-016F,5/3/2017,10:45:00 AM,ug/L,3.343137255,0.3,lowcarb
CW-016F,5/3/2017,10:45:00 AM,ug/L,3.956190476,0.5,lowcarb
CW-016F,5/3/2017,10:45:00 AM,ug/L,3.426315789,1,lowcarb
CW-016F,5/3/2017,10:45:00 AM,ug/L,3.266666667,1.25,lowcarb
CW-057,5/3/2017,8:40:00 AM,ug/L,13.22666667,1,lowcarb
CW-057,5/3/2017,8:40:00 AM,ug/L,8.185620915,3,lowcarb
CW-057,5/3/2017,8:40:00 AM,ug/L,7.253594771,6,lowcarb
CW-057,5/3/2017,8:40:00 AM,ug/L,5.511111111,8,lowcarb
CW-174,5/2/2017,2:00:00 PM,ug/L,4.216,0.5,lowcarb
CW-174,5/2/2017,2:00:00 PM,ug/L,4.133333333,1.5,lowcarb
CW-174,5/2/2017,2:00:00 PM,ug/L,4.202222222,2,lowcarb
CW-174,5/2/2017,2:00:00 PM,ug/L,4.45625,3,lowcarb
CW-033,5/2/2017,10:00:00 AM,ug/L,6.311711712,0.5,lowcarb
CW-033,5/2/2017,10:00:00 AM,ug/L,11.25789474,1.5,lowcarb
CW-033,5/2/2017,10:00:00 AM,ug/L,5.786666667,3,lowcarb
CW-033,5/2/2017,10:00:00 AM,ug/L,4.271111111,5,lowcarb
CW-231,5/4/2017,4:25:00 PM,ug/L,3.22601626,0.5,lowcarb
CW-231,5/4/2017,4:25:00 PM,ug/L,4.859459459,1,lowcarb
CW-231,5/4/2017,4:25:00 PM,ug/L,6.017647059,2,lowcarb
CW-231,5/4/2017,4:25:00 PM,ug/L,4.437254902,3,lowcarb
CW-207A,5/4/2017,12:00:00 PM,ug/L,16.45534591,1,lowcarb
CW-207A,5/4/2017,12:00:00 PM,ug/L,11.31746032,2,lowcarb
CW-207A,5/4/2017,12:00:00 PM,ug/L,16.53333333,3,lowcarb
CW-207A,5/4/2017,12:00:00 PM,ug/L,6.387878788,5,lowcarb
CW-207B,5/4/2017,1:20:00 PM,ug/L,15.29333333,1,lowcarb
CW-207B,5/4/2017,1:20:00 PM,ug/L,18.352,2,lowcarb
CW-207B,5/4/2017,1:20:00 PM,ug/L,21.98933333,4,lowcarb
CW-207B,5/4/2017,1:20:00 PM,ug/L,5.032815199,7,lowcarb
CL-089,5/4/2017,9:15:00 AM,ug/L,41.50710204,1,lowcarb
CL-089,5/4/2017,9:15:00 AM,ug/L,20.85454545,2,lowcarb
CL-089,5/4/2017,9:15:00 AM,ug/L,10.42727273,4,lowcarb
CL-089,5/4/2017,9:15:00 AM,ug/L,5.072727273,7,lowcarb
CW-236,5/2/2017,4:45:00 PM,ug/L,0.607083333,0.3,lowcarb
CW-233,5/2/2017,3:15:00 PM,ug/L,0.4805,0.3,lowcarb
CW-083,5/2/2017,11:50:00 AM,ug/L,0.5735,0.3,lowcarb
CW-036,5/2/2017,10:25:00 AM,ug/L,5.958888889,0.3,lowcarb
CW-014,6/26/2017,7:40:00 AM,ug/L,7.27,0.3,lowcarb
CW-041,6/26/2017,10:45:00 AM,ug/L,4.38,0.3,lowcarb
CW-016,6/27/2017,8:45:00 AM,ug/L,3.65,0.3,lowcarb
CW-016F,6/27/2017,9:50:00 AM,ug/L,3.51,0.3,lowcarb
CW-016F,6/27/2017,9:50:00 AM,ug/L,3.55,1,lowcarb
CW-016F,6/27/2017,9:50:00 AM,ug/L,3.72,2,lowcarb
CW-016F,6/27/2017,9:50:00 AM,ug/L,3.52,2.5,lowcarb
CW-057,6/27/2017,1:07:00 PM,ug/L,28.12,0.3,lowcarb
CW-057,6/27/2017,1:07:00 PM,ug/L,27.64,1,lowcarb
CW-057,6/27/2017,1:07:00 PM,ug/L,27.67,3,lowcarb
CW-057,6/27/2017,1:07:00 PM,ug/L,11.64,6,lowcarb
CW-174,6/29/2017,10:05:00 AM,ug/L,12.37,0.3,lowcarb
CW-033,6/29/2017,10:50:00 AM,ug/L,28.69,0.3,lowcarb
CW-033,6/29/2017,10:50:00 AM,ug/L,31.85,1,lowcarb
CW-033,6/29/2017,10:50:00 AM,ug/L,19.95,2,lowcarb
CW-033,6/29/2017,10:50:00 AM,ug/L,10.79,4,lowcarb
CW-231,6/29/2017,8:45:00 AM,ug/L,3.72,0.3,lowcarb
CW-207A,6/28/2017,12:35:00 PM,ug/L,21.53,0.3,lowcarb
CW-207A,6/28/2017,12:35:00 PM,ug/L,22.8,1,lowcarb
CW-207A,6/28/2017,12:35:00 PM,ug/L,24.77,2,lowcarb
CW-207A,6/28/2017,12:35:00 PM,ug/L,18.11,4,lowcarb
CW-207B,6/28/2017,1:55:00 PM,ug/L,26.9,0.3,lowcarb
CW-207B,6/28/2017,1:55:00 PM,ug/L,29.62,1,lowcarb
CW-207B,6/28/2017,1:55:00 PM,ug/L,26.66,4,lowcarb
CW-207B,6/28/2017,1:55:00 PM,ug/L,18.07,7,lowcarb
CL-089,6/28/2017,9:20:00 AM,ug/L,20.92,0.3,lowcarb
CL-089,6/28/2017,9:20:00 AM,ug/L,26.41,2,lowcarb
CL-089,6/28/2017,9:20:00 AM,ug/L,10.34,6,lowcarb
CL-089,6/28/2017,9:20:00 AM,ug/L,5.2,9,lowcarb
CW-233,6/26/2017,1:00:00 PM,ug/L,1.17,0.3,lowcarb
CW-236,6/26/2017,1:36:00 PM,ug/L,0.96,0.3,lowcarb
CW-083,6/26/2017,10:00:00 AM,ug/L,4.48,0.3,lowcarb
CW-036,6/26/2017,9:07:00 AM,ug/L,6.11,0.3,lowcarb
CW-014,8/1/2017,7:20:00 AM,ug/L,5.82,0.3,lowcarb
CW-041,8/1/2017,10:04:00 AM,ug/L,2.48,0.3,lowcarb
CW-016,8/3/2017,8:25:00 AM,ug/L,3,0.3,lowcarb
CW-016F,8/3/2017,9:11:00 AM,ug/L,34.42,0.3,lowcarb
CW-016F,8/3/2017,9:11:00 AM,ug/L,36.2,0.5,lowcarb
CW-016F,8/3/2017,9:11:00 AM,ug/L,25.76,1,lowcarb
CW-057,8/1/2017,2:00:00 PM,ug/L,32.72,0.3,lowcarb
CW-057,8/1/2017,2:00:00 PM,ug/L,41.03,1,lowcarb
CW-057,8/1/2017,2:00:00 PM,ug/L,33.01,2,lowcarb
CW-057,8/1/2017,2:00:00 PM,ug/L,12.22,6,lowcarb
CW-174,8/1/2017,11:00:00 AM,ug/L,9.85,0.3,lowcarb
CW-033,8/1/2017,9:50:00 AM,ug/L,22.02,0.3,lowcarb
CW-033,8/1/2017,9:50:00 AM,ug/L,14.44,1,lowcarb
CW-033,8/1/2017,9:50:00 AM,ug/L,15.28,2,lowcarb
CW-033,8/1/2017,9:50:00 AM,ug/L,12.66,4,lowcarb
CW-231,8/1/2017,8:30:00 AM,ug/L,5.2,0.3,lowcarb
CW-207A,8/2/2017,12:20:00 PM,ug/L,34.94,0.3,lowcarb
CW-207A,8/2/2017,12:20:00 PM,ug/L,37.31,1,lowcarb
CW-207A,8/2/2017,12:20:00 PM,ug/L,26.44,2,lowcarb
CW-207A,8/2/2017,12:20:00 PM,ug/L,20.85,4,lowcarb
CW-207B,8/2/2017,1:48:00 PM,ug/L,32.15,0.3,lowcarb
CW-207B,8/2/2017,1:48:00 PM,ug/L,36.69,1,lowcarb
CW-207B,8/2/2017,1:48:00 PM,ug/L,25.62,2,lowcarb
CW-207B,8/2/2017,1:48:00 PM,ug/L,17.68,5,lowcarb
CL-089,8/2/2017,9:15:00 AM,ug/L,13.21,0.3,lowcarb
CL-089,8/2/2017,9:15:00 AM,ug/L,14.11,1,lowcarb
CL-089,8/2/2017,9:15:00 AM,ug/L,12.89,2,lowcarb
CL-089,8/2/2017,9:15:00 AM,ug/L,13.73,5,lowcarb
CW-233,8/1/2017,11:55:00 AM,ug/L,1.3,0.3,lowcarb
CW-236,8/1/2017,,ug/L,0.76,0.3,lowcarb
CW-083,8/1/2017,9:20:00 AM,ug/L,0.65,0.3,lowcarb
CW-036,8/1/2017,8:24:00 AM,ug/L,1.16,0.3,lowcarb
CW-014,8/31/2017,7:55:00 AM,ug/L,5.46,0.3,lowcarb
CW-041,8/31/2017,10:20:00 AM,ug/L,2.35,0.3,lowcarb
CW-016,8/30/2017,10:42:00 AM,ug/L,1.28,0.3,lowcarb
CW-016F,8/30/2017,11:20:00 AM,ug/L,5.88,0.3,lowcarb
CW-016F,8/30/2017,11:20:00 AM,ug/L,4.97,1,lowcarb
CW-016F,8/30/2017,11:20:00 AM,ug/L,4.69,2,lowcarb
CW-057,8/30/2017,9:10:00 AM,ug/L,23.35,0.3,lowcarb
CW-057,8/30/2017,9:10:00 AM,ug/L,7.55,1,lowcarb
CW-057,8/30/2017,9:10:00 AM,ug/L,18.82,2,lowcarb
CW-057,8/30/2017,9:10:00 AM,ug/L,12.88,6,lowcarb
CW-174,8/29/2017,2:40:00 PM,ug/L,3.6,0.3,lowcarb
CW-033,8/29/2017,1:40:00 PM,ug/L,13.82,0.3,lowcarb
CW-033,8/29/2017,1:40:00 PM,ug/L,12.94,1,lowcarb
CW-033,8/29/2017,1:40:00 PM,ug/L,13.76,2,lowcarb
CW-033,8/29/2017,1:40:00 PM,ug/L,13.86,4,lowcarb
CW-231,8/29/2017,12:40:00 PM,ug/L,4.82,0.3,lowcarb
CW-207A,8/28/2017,12:52:00 PM,ug/L,24.83,0.3,lowcarb
CW-207A,8/28/2017,12:52:00 PM,ug/L,22.25,1,lowcarb
CW-207A,8/28/2017,12:52:00 PM,ug/L,23.74,2,lowcarb
CW-207A,8/28/2017,12:52:00 PM,ug/L,24.94,4,lowcarb
CW-207B,8/28/2017,2:40:00 PM,ug/L,15.86,0.3,lowcarb
CW-207B,8/28/2017,2:40:00 PM,ug/L,18.02,1,lowcarb
CW-207B,8/28/2017,2:40:00 PM,ug/L,18.44,2,lowcarb
CW-207B,8/28/2017,2:40:00 PM,ug/L,17.48,4,lowcarb
CL-089,8/29/2017,9:55:00 AM,ug/L,13.2,0.3,lowcarb
CL-089,8/29/2017,9:55:00 AM,ug/L,13.41,1,lowcarb
CL-089,8/29/2017,9:55:00 AM,ug/L,12.81,2,lowcarb
CL-089,8/29/2017,9:55:00 AM,ug/L,12.67,6,lowcarb
CW-233,8/31/2017,12:30:00 PM,ug/L,0.88,0.3,lowcarb
CW-236,8/31/2017,1:20:00 PM,ug/L,2.17,0.3,lowcarb
CW-083,8/31/2017,9:30:00 AM,ug/L,1.32,0.3,lowcarb
CW-036,8/31/2017,8:45:00 AM,ug/L,1.15,0.3,lowcarb
CW-014,9/28/2017,7:48:00 AM,ug/L,4.92,0.3,lowcarb
CW-041,9/28/2017,10:36:00 AM,ug/L,1.96,0.3,lowcarb
CW-016,9/25/2017,3:35:00 PM,ug/L,2.17,0.3,lowcarb
CW-016F,9/27/2017,1:22:00 PM,ug/L,3.51,0.3,lowcarb
CW-016F,9/27/2017,1:22:00 PM,ug/L,3.9,1,lowcarb
CW-016F,9/27/2017,1:22:00 PM,ug/L,2.65,2,lowcarb
CW-016F,9/27/2017,1:22:00 PM,ug/L,2.53,3,lowcarb
CW-057,9/25/2017,10:20:00 AM,ug/L,23.93,0.3,lowcarb
CW-057,9/25/2017,10:20:00 AM,ug/L,23.26,1,lowcarb
CW-057,9/25/2017,10:20:00 AM,ug/L,15.14,2,lowcarb
CW-057,9/25/2017,10:20:00 AM,ug/L,21.49,4,lowcarb
CW-174,9/27/2017,10:00:00 AM,ug/L,6.2,0.3,lowcarb
CW-033,9/27/2017,10:24:00 AM,ug/L,11.49,0.3,lowcarb
CW-033,9/27/2017,10:24:00 AM,ug/L,14.2,1,lowcarb
CW-033,9/27/2017,10:24:00 AM,ug/L,15.92,2,lowcarb
CW-033,9/27/2017,10:24:00 AM,ug/L,8.54,4,lowcarb
CW-231,9/27/2017,8:45:00 AM,ug/L,4.94,0.3,lowcarb
CW-207A,9/26/2017,12:30:00 PM,ug/L,22.99,0.3,lowcarb
CW-207A,9/26/2017,12:30:00 PM,ug/L,26.79,1,lowcarb
CW-207A,9/26/2017,12:30:00 PM,ug/L,17.49,2,lowcarb
CW-207A,9/26/2017,12:30:00 PM,ug/L,22.28,4,lowcarb
CW-207B,9/26/2017,1:50:00 PM,ug/L,26.29,0.3,lowcarb
CW-207B,9/26/2017,1:50:00 PM,ug/L,24.72,1,lowcarb
CW-207B,9/26/2017,1:50:00 PM,ug/L,22.73,2,lowcarb
CW-207B,9/26/2017,1:50:00 PM,ug/L,6.26,6,lowcarb
CL-089,9/26/2017,9:45:00 AM,ug/L,20.47,0.3,lowcarb
CL-089,9/26/2017,9:45:00 AM,ug/L,25.81,1,lowcarb
CL-089,9/26/2017,9:45:00 AM,ug/L,20.73,3,lowcarb
CL-089,9/26/2017,9:45:00 AM,ug/L,0.26,8,lowcarb
CW-233,9/28/2017,12:35:00 PM,ug/L,9.11,0.3,lowcarb
CW-236,9/28/2017,1:30:00 PM,ug/L,1,0.3,lowcarb
CW-083,9/28/2017,9:55:00 AM,ug/L,1.05,0.3,lowcarb
CW-036,9/28/2017,8:50:00 AM,ug/L,2.1,0.3,lowcarb
CW-014,10/19/2017,8:04:00 AM,ug/L,4.34,0.3,lowcarb
CW-041,10/19/2017,1:00:00 PM,ug/L,2.03,0.3,lowcarb
CW-016,10/18/2017,8:40:00 AM,ug/L,2.08,0.3,lowcarb
CW-016F,10/18/2017,9:15:00 AM,ug/L,3.5,0.3,lowcarb
CW-016F,10/18/2017,9:15:00 AM,ug/L,3.41,1,lowcarb
CW-016F,10/18/2017,9:15:00 AM,ug/L,2.89,2,lowcarb
CW-057,10/17/2017,2:15:00 PM,ug/L,30.32,0.3,lowcarb
CW-057,10/17/2017,2:15:00 PM,ug/L,22.26,1,lowcarb
CW-057,10/17/2017,2:15:00 PM,ug/L,25.95,2,lowcarb
CW-057,10/17/2017,2:15:00 PM,ug/L,27.37,4,lowcarb
CW-174,10/17/2017,10:25:00 AM,ug/L,5.94,0.3,lowcarb
CW-033,10/17/2017,11:11:00 AM,ug/L,9.92,0.3,lowcarb
CW-033,10/17/2017,11:11:00 AM,ug/L,10.64,1,lowcarb
CW-033,10/17/2017,11:11:00 AM,ug/L,5.98,2,lowcarb
CW-033,10/17/2017,11:11:00 AM,ug/L,9.75,4,lowcarb
CW-231,10/17/2017,9:07:00 AM,ug/L,3.47,0.3,lowcarb
CW-207A,10/16/2017,12:20:00 PM,ug/L,28.92,0.3,lowcarb
CW-207A,10/16/2017,12:20:00 PM,ug/L,28.64,1,lowcarb
CW-207A,10/16/2017,12:20:00 PM,ug/L,30.3,2,lowcarb
CW-207A,10/16/2017,12:20:00 PM,ug/L,29.31,4,lowcarb
CW-207B,10/16/2017,1:50:00 PM,ug/L,17.27,0.3,lowcarb
CW-207B,10/16/2017,1:50:00 PM,ug/L,18.06,1,lowcarb
CW-207B,10/16/2017,1:50:00 PM,ug/L,21.52,3,lowcarb
CW-207B,10/16/2017,1:50:00 PM,ug/L,17.88,7,lowcarb
CL-089,10/16/2017,9:04:00 AM,ug/L,17.82,0.3,lowcarb
CL-089,10/16/2017,9:04:00 AM,ug/L,6.64,1,lowcarb
CL-089,10/16/2017,9:04:00 AM,ug/L,17.38,2,lowcarb
CL-089,10/16/2017,9:04:00 AM,ug/L,17.03,4,lowcarb
CW-233,10/19/2017,2:50:00 PM,ug/L,0.55,0.3,lowcarb
CW-236,10/19/2017,3:45:00 PM,ug/L,0.12,0.3,lowcarb
CW-083,10/19/2017,12:25:00 PM,ug/L,0.27,0.3,lowcarb
CW-036,10/19/2017,9:15:00 AM,ug/L,0.74,0.3,lowcarb
CW-231,6/21/2018,8:18:00 AM,ug/L,1.71,0.3,lowcarb
CW-207C,6/21/2018,10:16:00 AM,ug/L,10.94,0.3,lowcarb
CW-207C,6/21/2018,10:16:00 AM,ug/L,9.24,1,lowcarb
CW-207C,6/21/2018,10:16:00 AM,ug/L,17.84,2,lowcarb
CW-207C,6/21/2018,10:16:00 AM,ug/L,8.03,5,lowcarb
CW-207C,6/21/2018,10:16:00 AM,ug/L,0.58,8,lowcarb
CW-207A,6/21/2018,12:35:00 PM,ug/L,7.39,0.3,lowcarb
````,6/21/2018,12:35:00 PM,ug/L,5.39,1,lowcarb
CW-207A,6/21/2018,12:35:00 PM,ug/L,6.6,2,lowcarb
CW-207A,6/21/2018,12:35:00 PM,ug/L,22.76,3,lowcarb
CW-207A,6/21/2018,12:35:00 PM,ug/L,10.7,5,lowcarb
CL-089B,6/19/2018,8:59:00 AM,ug/L,2.86,0.3,lowcarb
CL-089B,6/19/2018,8:59:00 AM,ug/L,22.83,1,lowcarb
CL-089B,6/19/2018,8:59:00 AM,ug/L,15.53,2,lowcarb
CL-089B,6/19/2018,8:59:00 AM,ug/L,7.27,7,lowcarb
CL-089B,6/19/2018,8:59:00 AM,ug/L,4.2,11,lowcarb
CL-089,6/19/2018,11:44:00 AM,ug/L,16.43,0.3,lowcarb
CL-089,6/19/2018,11:44:00 AM,ug/L,20.07,1,lowcarb
CL-089,6/19/2018,11:44:00 AM,ug/L,6.68,2,lowcarb
CL-089,6/19/2018,11:44:00 AM,ug/L,21.37,5,lowcarb
CL-089,6/19/2018,11:44:00 AM,ug/L,1.09,8,lowcarb
CW-033,6/27/2018,,ug/L,18.83,0.3,lowcarb
CW-033,6/27/2018,,ug/L,16.3,0.3,lowcarb
CW-033,6/27/2018,,ug/L,8.64,0.3,lowcarb
CW-033,6/27/2018,,ug/L,5.22,0.3,lowcarb
CW-057,6/27/2018,,ug/L,7.6,0.3,lowcarb
CW-057,6/27/2018,,ug/L,7.14,0.3,lowcarb
CW-057,6/27/2018,,ug/L,8.09,0.3,lowcarb
CW-057,6/27/2018,,ug/L,6.33,0.3,lowcarb
New Fishing Creek Site,6/27/2018,,ug/L,12.8,0.3,lowcarb
New Fishing Creek Site,6/27/2018,,ug/L,14.69,0.3,lowcarb
New Fishing Creek Site,6/27/2018,,ug/L,11.07,0.3,lowcarb
New Fishing Creek Site,6/27/2018,,ug/L,11.91,0.3,lowcarb
CW-014,6/28/2018,,ug/L,5.31,0.3,lowcarb
CW-016,6/28/2018,,ug/L,3.01,0.3,lowcarb
CW-041,6/28/2018,,ug/L,3.06,0.3,lowcarb
CW-036          ,6/28/2018,,ug/L,3.4,0.3,lowcarb
CW-083          ,6/28/2018,,ug/L,1.48,0.3,lowcarb
CW-033,7/24/2018,,ug/L,26.75,0.3,lowcarb
CW-033,7/24/2018,,ug/L,20.87,0.3,lowcarb
CW-033,7/24/2018,,ug/L,18.45,0.3,lowcarb
CW-033,7/24/2018,,ug/L,11.33,0.3,lowcarb
CW-057,7/24/2018,,ug/L,26.7,0.3,lowcarb
CW-057,7/24/2018,,ug/L,27.42,0.3,lowcarb
CW-057,7/24/2018,,ug/L,17.14,0.3,lowcarb
CW-057,7/24/2018,,ug/L,13.15,0.3,lowcarb
New Fishing Creek Site,7/24/2018,,ug/L,29.02,0.3,lowcarb
New Fishing Creek Site,7/24/2018,,ug/L,29.92,0.3,lowcarb
New Fishing Creek Site,7/24/2018,,ug/L,19.91,0.3,lowcarb
New Fishing Creek Site,7/24/2018,,ug/L,16.44,0.3,lowcarb
CW-014,7/24/2018,,ug/L,4.93,0.3,lowcarb
CW-016,7/24/2018,,ug/L,1.87,0.3,lowcarb
CW-041,7/24/2018,,ug/L,12.27,0.3,lowcarb
CW-036          ,7/24/2018,,ug/L,8.34,0.3,lowcarb
CW-083          ,7/24/2018,,ug/L,0.84,0.3,lowcarb
CW-231,7/23/2018,11:34:00 AM,ug/L,9.45,0.3,lowcarb
CW-207C,7/24/2018,2:52:00 PM,ug/L,14.08,0.3,lowcarb
CW-207C,7/24/2018,2:52:00 PM,ug/L,20.03,1,lowcarb
CW-207C,7/24/2018,2:52:00 PM,ug/L,15.65,2,lowcarb
CW-207C,7/24/2018,2:52:00 PM,ug/L,12.2,5,lowcarb
CW-207C,7/24/2018,2:52:00 PM,ug/L,6.21,8,lowcarb
CW-207A,7/24/2018,12:00:00 PM,ug/L,22.35,0.3,lowcarb
CW-207A,7/24/2018,12:00:00 PM,ug/L,17.68,1,lowcarb
CW-207A,7/24/2018,12:00:00 PM,ug/L,22.45,2,lowcarb
CW-207A,7/24/2018,12:00:00 PM,ug/L,22.09,3,lowcarb
CW-207A,7/24/2018,12:00:00 PM,ug/L,15.62,5,lowcarb
CL-089B,7/25/2018,8:45:00 AM,ug/L,22.22,0.3,lowcarb
CL-089B,7/25/2018,8:45:00 AM,ug/L,16.43,1,lowcarb
CL-089B,7/25/2018,8:45:00 AM,ug/L,18.98,2,lowcarb
CL-089B,7/25/2018,8:45:00 AM,ug/L,8.84,6,lowcarb
CL-089B,7/25/2018,8:45:00 AM,ug/L,10.12,9,lowcarb
CL-089,7/25/2018,11:57:00 AM,ug/L,5.98,0.3,lowcarb
CL-089,7/25/2018,11:57:00 AM,ug/L,3.48,1,lowcarb
CL-089,7/25/2018,11:57:00 AM,ug/L,7.71,2,lowcarb
CL-089,7/25/2018,11:57:00 AM,ug/L,7.28,6,lowcarb
CL-089,7/25/2018,11:57:00 AM,ug/L,6.6,9,lowcarb
CW-033,8/15/2018,,ug/L,26.33,0.3,lowcarb
CW-033,8/15/2018,,ug/L,27,0.3,lowcarb
CW-033,8/15/2018,,ug/L,16.65,0.3,lowcarb
CW-033,8/15/2018,,ug/L,9.17,0.3,lowcarb
CW-057,8/15/2018,,ug/L,23.32,0.3,lowcarb
CW-057,8/15/2018,,ug/L,20.23,0.3,lowcarb
CW-057,8/15/2018,,ug/L,22.31,0.3,lowcarb
CW-057,8/15/2018,,ug/L,8.25,0.3,lowcarb
New Fishing Creek Site,8/15/2018,,ug/L,15.13,0.3,lowcarb
New Fishing Creek Site,8/15/2018,,ug/L,22.01,0.3,lowcarb
New Fishing Creek Site,8/15/2018,,ug/L,18.84,0.3,lowcarb
New Fishing Creek Site,8/15/2018,,ug/L,16.22,0.3,lowcarb
CW-014,8/16/2018,,ug/L,5.83,0.3,lowcarb
CW-016,8/16/2018,,ug/L,2.13,0.3,lowcarb
CW-041,8/16/2018,,ug/L,2.75,0.3,lowcarb
CW-036          ,8/16/2018,,ug/L,2.27,0.3,lowcarb
CW-083          ,8/16/2018,,ug/L,0.41,0.3,lowcarb
CW-231,8/13/2018,8:50:00 AM,ug/L,3.56,0.3,lowcarb
CW-207C,8/13/2018,1:25:00 PM,ug/L,5.26,0.3,lowcarb
CW-207C,8/13/2018,1:25:00 PM,ug/L,6.95,1,lowcarb
CW-207C,8/13/2018,1:25:00 PM,ug/L,10.47,2,lowcarb
CW-207C,8/13/2018,1:25:00 PM,ug/L,5.76,4,lowcarb
CW-207C,8/13/2018,1:25:00 PM,ug/L,3.36,7,lowcarb
CW-207A,8/15/2018,7:27:00 AM,ug/L,30.81,0.3,lowcarb
CW-207A,8/15/2018,7:27:00 AM,ug/L,19.17,1,lowcarb
CW-207A,8/15/2018,7:27:00 AM,ug/L,13.06,2,lowcarb
CW-207A,8/15/2018,7:27:00 AM,ug/L,11.05,4,lowcarb
CW-207A,8/15/2018,7:27:00 AM,ug/L,11.03,5,lowcarb
CL-089B,8/14/2018,1:00:00 PM,ug/L,11.35,0.3,lowcarb
CL-089B,8/14/2018,1:00:00 PM,ug/L,19.94,1,lowcarb
CL-089B,8/14/2018,1:00:00 PM,ug/L,17.79,2,lowcarb
CL-089B,8/14/2018,1:00:00 PM,ug/L,9.4,6,lowcarb
CL-089B,8/14/2018,1:00:00 PM,ug/L,2.58,10,lowcarb
CL-089,8/14/2018,8:00:00 AM,ug/L,13.97,0.3,lowcarb
CL-089,8/14/2018,8:00:00 AM,ug/L,19.12,1,lowcarb
CL-089,8/14/2018,8:00:00 AM,ug/L,20.17,2,lowcarb
CL-089,8/14/2018,8:00:00 AM,ug/L,6.48,6,lowcarb
CL-089,8/14/2018,8:00:00 AM,ug/L,1.6,9,lowcarb
CW-033,10/17/2018,,ug/L,10.46,0.3,lowcarb
CW-033,10/17/2018,,ug/L,4.74,0.3,lowcarb
CW-033,10/17/2018,,ug/L,3.85,0.3,lowcarb
CW-033,10/17/2018,,ug/L,2.91,0.3,lowcarb
CW-057,10/17/2018,,ug/L,8.73,0.3,lowcarb
CW-057,10/17/2018,,ug/L,4.96,0.3,lowcarb
CW-057,10/17/2018,,ug/L,5.48,0.3,lowcarb
CW-057,10/17/2018,,ug/L,4.55,0.3,lowcarb
New Fishing Creek Site,10/17/2018,,ug/L,8.14,0.3,lowcarb
New Fishing Creek Site,10/17/2018,,ug/L,4.29,0.3,lowcarb
New Fishing Creek Site,10/17/2018,,ug/L,4.17,0.3,lowcarb
New Fishing Creek Site,10/17/2018,,ug/L,3.97,0.3,lowcarb
CW-014,11/8/2018,,ug/L,0.94,0.3,lowcarb
CW-016,11/8/2018,,ug/L,2.48,0.3,lowcarb
CW-041,11/8/2018,,ug/L,1.33,0.3,lowcarb
CW-036,11/8/2018,,ug/L,3.22,0.3,lowcarb
CW-083,11/8/2018,,ug/L,3.23,0.3,lowcarb
CW-231,10/15/2018,9:15:00 AM,ug/L,1.23,0.3,lowcarb
CW-207C,10/15/2018,12:59:00 PM,ug/L,1.33,0.3,lowcarb
CW-207C,10/15/2018,12:59:00 PM,ug/L,2.48,1,lowcarb
CW-207C,10/15/2018,12:59:00 PM,ug/L,0.81,2,lowcarb
CW-207C,10/15/2018,12:59:00 PM,ug/L,2.48,4,lowcarb
CW-207C,10/15/2018,12:59:00 PM,ug/L,1.92,6,lowcarb
CW-207A,10/17/2018,10:12:00 AM,ug/L,5.72,0.3,lowcarb
CW-207A,10/17/2018,10:12:00 AM,ug/L,2.79,1,lowcarb
CW-207A,10/17/2018,10:12:00 AM,ug/L,2.01,2,lowcarb
CW-207A,10/17/2018,10:12:00 AM,ug/L,1.04,4,lowcarb
CW-207A,10/17/2018,10:12:00 AM,ug/L,0.72,6,lowcarb
CL-089B,10/16/2018,1:55:00 PM,ug/L,18.55,0.3,lowcarb
CL-089B,10/16/2018,1:55:00 PM,ug/L,15.41,1,lowcarb
CL-089B,10/16/2018,1:55:00 PM,ug/L,16.35,2,lowcarb
CL-089B,10/16/2018,1:55:00 PM,ug/L,3.86,5,lowcarb
CL-089B,10/16/2018,1:55:00 PM,ug/L,2.06,11,lowcarb
CL-089,10/16/2018,9:30:00 AM,ug/L,8.12,0.3,lowcarb
CL-089,10/16/2018,9:30:00 AM,ug/L,8.89,1,lowcarb
CL-089,10/16/2018,9:30:00 AM,ug/L,5.11,2,lowcarb
CL-089,10/16/2018,9:30:00 AM,ug/L,1.47,6,lowcarb
CL-089,10/16/2018,9:30:00 AM,ug/L,1.92,10,lowcarb
